-- phpMyAdmin SQL Dump
-- version 5.1.1
-- https://www.phpmyadmin.net/
--
-- Host: 127.0.0.1
-- Generation Time: Oct 24, 2022 at 02:19 AM
-- Server version: 10.4.21-MariaDB
-- PHP Version: 8.0.12

SET SQL_MODE = "NO_AUTO_VALUE_ON_ZERO";
START TRANSACTION;
SET time_zone = "+00:00";


/*!40101 SET @OLD_CHARACTER_SET_CLIENT=@@CHARACTER_SET_CLIENT */;
/*!40101 SET @OLD_CHARACTER_SET_RESULTS=@@CHARACTER_SET_RESULTS */;
/*!40101 SET @OLD_COLLATION_CONNECTION=@@COLLATION_CONNECTION */;
/*!40101 SET NAMES utf8mb4 */;

--
-- Database: `bahroni_blog`
--

-- --------------------------------------------------------

--
-- Table structure for table `category`
--

CREATE TABLE `category` (
  `id` bigint(20) NOT NULL,
  `parentId` bigint(20) DEFAULT NULL,
  `title` varchar(75) COLLATE utf8mb4_unicode_ci NOT NULL,
  `metaTitle` varchar(100) COLLATE utf8mb4_unicode_ci DEFAULT NULL,
  `slug` varchar(100) COLLATE utf8mb4_unicode_ci NOT NULL,
  `content` text COLLATE utf8mb4_unicode_ci DEFAULT NULL,
  `defaultcheck` tinyint(1) NOT NULL DEFAULT 0
) ENGINE=InnoDB DEFAULT CHARSET=utf8mb4 COLLATE=utf8mb4_unicode_ci;

--
-- Dumping data for table `category`
--

INSERT INTO `category` (`id`, `parentId`, `title`, `metaTitle`, `slug`, `content`, `defaultcheck`) VALUES
(1, NULL, 'Artikel', 'artikel', 'Artikel', 'Memuat tentang hal yang berkaitan tentang artikel', 0),
(2, NULL, 'General', 'general', 'General', 'umum', 1),
(3, NULL, 'PHP', 'php', 'PHP', '-', 0),
(4, 3, 'OpenCart', 'opencart', 'OpenCart', '-', 0),
(5, NULL, 'XML', 'xml', 'XML', '-', 0),
(6, NULL, 'Bootstrap', 'bootstrap', 'Bootstrap', '-', 0),
(7, 6, 'AdminLte', 'adminlte', 'AdminLte', '-', 0),
(8, 3, 'Codeigniter', 'codeigniter', 'Codeigniter', '-', 0),
(9, 10, 'JQuery', 'jquery', 'JQuery', '-', 0),
(10, NULL, 'JavaScript', 'javascript', 'JavaScript', '-', 0),
(11, 10, 'Chart.js', 'chart.js', 'Chartjs', 'Library javascript untuk membuat chart atau grafik', 0),
(12, NULL, 'Library', 'library', 'Library', '-', 0),
(13, NULL, 'Proyek', 'proyek', 'Proyek', 'untuk menampung semua proyek yang saya kerjakan', 0),
(14, NULL, 'Belajar', 'belajar', 'Belajar', 'Master untuk belajar apapun yang kecil atau besar, tapi harus buat satu kategory lagi untuk anaknya misal belajar android', 0),
(15, 14, 'Android', 'android', 'Android', 'belajar untuk cari duit dengan benar agar tidak main RubicTrade', 0),
(16, NULL, 'MySQL', 'mysql', 'MySQL', 'tentang MySQL', 0),
(17, 21, 'Laravel', 'laravel', 'Laravel', 'All about laravel', 0),
(18, 14, 'Bahasa', 'bahasa', 'Bahasa', 'Semua tentang bahasa akan ditulis disini', 0),
(20, NULL, 'Olah Raga', 'olah raga', 'Olah_Raga', 'ide-ide, hasil renungan dan lain sebagainya', 0),
(21, NULL, 'Framework PHP', 'framework php', 'Framework_PHP', '', 0),
(22, 21, 'Codeigniter 4', 'codeigniter 4', 'Codeigniter_4', 'Codeigniter 4 merupakan kelanjutan dari Codeigniter 3 yang sudah mulai banyak ditinggalkan', 0),
(23, NULL, 'wordpress', 'wordpress', 'wordpress', '', 0),
(24, NULL, 'Excel', 'excel', 'Excel', '', 0);

-- --------------------------------------------------------

--
-- Table structure for table `ganti_text`
--

CREATE TABLE `ganti_text` (
  `id` bigint(20) NOT NULL,
  `id_group_ganti_text` bigint(20) NOT NULL DEFAULT 1,
  `cari` varchar(100) COLLATE utf8mb4_unicode_ci NOT NULL,
  `ganti` text COLLATE utf8mb4_unicode_ci NOT NULL,
  `ket` text COLLATE utf8mb4_unicode_ci DEFAULT NULL
) ENGINE=InnoDB DEFAULT CHARSET=utf8mb4 COLLATE=utf8mb4_unicode_ci;

--
-- Dumping data for table `ganti_text`
--

INSERT INTO `ganti_text` (`id`, `id_group_ganti_text`, `cari`, `ganti`, `ket`) VALUES
(1, 1, '[pre]', '<pre style=\"font-weight: 600;\">', NULL),
(2, 1, '[/pre]', '</pre>', NULL),
(4, 1, '[/div]', '</div>', NULL),
(5, 1, '[/em]', '</em>', NULL),
(6, 1, '[/span]', '</span>', NULL),
(7, 1, '[span-merah]', '<span class=\"text-red\">', NULL),
(8, 4, '[em-merah]', '<em class=\"text-red\">', NULL),
(15, 2, '[del]', '<del>', NULL),
(16, 2, '[/del]', '</del>', NULL),
(17, 3, '[base_url]', 'http://localhost:8888/me/dropbox/bahroni_blog/', 'bisa berubah tergantung server yang dipakai, karena untuk membantu post'),
(18, 3, '[site_url]', 'http://localhost:8888/me/dropbox/bahroni_blog/index.php/', NULL),
(19, 4, '[em-kuning]', '<em class=\"text-yellow\">', NULL),
(26, 4, 'done', '<span class=\"text-green\">(√)</span>', ''),
(27, 5, '[box_kontainer]', '<div class=\"box box-info collapsed-box\">', 'harus ditutup dengan [/div]'),
(28, 5, '[box_judul]', '<div class=\"box-header with-border\">\r\n              <h3 class=\"box-title\">', 'harus diakhiri dengan [/box_judul]'),
(29, 5, '[/box_judul]', '</h3>\r\n\r\n              <div class=\"box-tools pull-right\">\r\n                <button type=\"button\" class=\"btn btn-box-tool\" data-widget=\"collapse\"><i class=\"fa fa-plus\"></i>\r\n                </button>\r\n              </div>\r\n              <!-- /.box-tools -->\r\n            </div>', ''),
(30, 5, '[box_isi]', '<div class=\"box-body\">', 'harus ditutup dengan [/div]'),
(31, 4, '[row]', '<div class=\"row\">', 'fungsi sudah tahu utuk menambah baris dalam element div, harus ditutup dengan [/div]'),
(32, 4, '[col-6]', '<div class=\"col-md-6\">', 'membuat colom dengan kelebaran 50%, harus ditutup [/div]'),
(33, 4, '[col-3]', '<div class=\"col-md-4\">', 'membuat 3 kolom dengan element div, harus ditutup dengan [/div]'),
(34, 4, '[col-12]', '<div class=\"col-md-12\">', 'lebar 100%, tutup dengan [/div]'),
(35, 4, '[code]', '<code>', ''),
(36, 4, '[/code]', '</code>', '');

-- --------------------------------------------------------

--
-- Table structure for table `group_ganti_text`
--

CREATE TABLE `group_ganti_text` (
  `id` bigint(20) NOT NULL,
  `nama` varchar(100) NOT NULL,
  `ket` text DEFAULT NULL
) ENGINE=InnoDB DEFAULT CHARSET=latin1;

--
-- Dumping data for table `group_ganti_text`
--

INSERT INTO `group_ganti_text` (`id`, `nama`, `ket`) VALUES
(1, 'PRE', 'untuk menampung script'),
(2, 'OL/UL', 'order list'),
(3, 'url', 'untuk url yang tidak bisa dieksekusi oleh database'),
(4, 'Umum', '-'),
(5, 'box', 'kumpulan untuk membuat BOX, dengan warna default');

-- --------------------------------------------------------

--
-- Table structure for table `latihan`
--

CREATE TABLE `latihan` (
  `id` bigint(20) NOT NULL,
  `title` varchar(100) COLLATE utf8mb4_unicode_ci NOT NULL,
  `description` text COLLATE utf8mb4_unicode_ci DEFAULT NULL,
  `createAt` timestamp NOT NULL DEFAULT current_timestamp()
) ENGINE=InnoDB DEFAULT CHARSET=utf8mb4 COLLATE=utf8mb4_unicode_ci;

--
-- Dumping data for table `latihan`
--

INSERT INTO `latihan` (`id`, `title`, `description`, `createAt`) VALUES
(1, 'VQmod opencart', 'virtual xml img(\'http://localhost/me/dropbox/cibmh/assets/dist/img/photo4.jpg\')', '2020-11-02 06:35:52'),
(2, 'Latihan Membuat ChartJs', '<p>\r\nContoh<br/>\r\n<img src=\"http://localhost/me/dropbox/bahroni_blog/imgss/chartjs_contoh.png\"/>\r\n</p>', '2020-11-10 06:40:08'),
(3, 'Import data dengan phpexcel(native PHP)', '-percobaan', '2020-11-12 15:30:21'),
(4, 'Memperbaiki aplikasi buatfile', '', '2020-11-16 01:46:00'),
(5, 'Membuat Extensions pada opencart', '-', '2020-11-17 03:48:17'),
(6, 'Cara buat upload pada CI3', '', '2021-07-07 03:18:49'),
(7, 'bmh.yarid.id', '<p>bmh.yarid.id adalah aplikasi yang dibuat untuk memudahkan tim marketing dalam berkomunikasi dengan donatur selain itu juga aplikasi ini diharapkan bisa untuk mengajak orang untuk menjadi donatur baru.</p>\r\n<p>secara garis besar aplikasi ini telah selesai 70%(tujuh puluh persen) tinggal beberapa penyempunaan agar bisa lebih aman dan bisa dipelajari untuk analisa data tentunya dengan tujuan untuk membantu keputusan kedepannya dan aplikasi ini mudah digunakan serta awet penggunaanya</p>\r\n<p>beberapa penyempurnaan yang perlu dilakukan</p>\r\n<table border=\"1\">\r\n<tbody>\r\n<tr>\r\n<th>Nomer</th>\r\n<th>Tugas</th>\r\n<th>Keterangan</th>\r\n<th>Persentase</th>\r\n</tr>\r\n<tr>\r\n<td style=\"text-align: center;\">1</td>\r\n<td>Merapikan tombol <a href=\"http://localhost:8888/me/aalatihan/bmhwa/index.php/donatur\">http://localhost:8888/me/aalatihan/bmhwa/index.php/donatur</a> ada dropdown dengan isi didalamnya edit dan hapus sedangkan tombol whatsapp dan profile berdiri sendiri tidak lupa ganti icon mata jadi user</td>\r\n<td>&nbsp;</td>\r\n<td>&nbsp;</td>\r\n</tr>\r\n<tr>\r\n<td style=\"text-align: center;\">2</td>\r\n<td>perbaiki tombol pada link <a title=\"disini\" href=\"http://localhost:8888/me/aalatihan/bmhwa/index.php/tema_pesan/action?table=tema_pesan&amp;ac=wa&amp;id=15\" target=\"_blank\">Disini</a></td>\r\n<td>&nbsp;</td>\r\n<td>&nbsp;</td>\r\n</tr>\r\n<tr>\r\n<td style=\"text-align: center;\">3</td>\r\n<td>Membuat history pesan, grup pesan dan donatur</td>\r\n<td>&nbsp;</td>\r\n<td>&nbsp;</td>\r\n</tr>\r\n<tr>\r\n<td style=\"text-align: center;\">4</td>\r\n<td>Masukkan id_donatur yang ada b-walet kepada tabel donatur, membuat tampilan kusus dan tombol khusus untuk ini agar lebih mudah dalam&nbsp; laporan b-walet</td>\r\n<td>&nbsp;</td>\r\n<td>&nbsp;</td>\r\n</tr>\r\n<tr>\r\n<td style=\"text-align: center;\">5</td>\r\n<td>Menambahkan tool upload pada <a title=\"upload\" href=\"http://localhost:8888/me/aalatihan/bmhwa/index.php/pesan/action?ac=balas&amp;id=07072021111811-191\">http://localhost:8888/me/aalatihan/bmhwa/index.php/pesan/action?ac=balas&amp;id=07072021111811-191</a></td>\r\n<td>&nbsp;</td>\r\n<td>&nbsp;</td>\r\n</tr>\r\n<tr>\r\n<td style=\"text-align: center;\">6</td>\r\n<td><strong>Bayar hutang pak slamet Rp. 50.000,-</strong></td>\r\n<td><span style=\"color: #ff0000;\">Penting</span></td>\r\n<td>&nbsp;</td>\r\n</tr>\r\n</tbody>\r\n</table>', '2021-07-18 06:06:34'),
(8, 'Rutinitas harian kerja di BMH', '<p><strong>Assalamu\'alaikum warahmatullahi wabarakatuh</strong></p>\r\n<p>Alhamdulillah terima kasih ya ALLAH untuk hari ini karena telah diberi kesehatan dan kebaikan</p>\r\n<p><span style=\"text-decoration: underline;\"><em>Semoga saya selalu menjadi pribadi yang selalu bersukur aamiin</em></span></p>\r\n<p>pada postingan latihan ini saya akan mencatan kegiatan harian saat kerja di BMH</p>\r\n<p>Latihan ini berkaitan erat dengan latihan proyek <a title=\"proyek bmh.yarid.id\" href=\"http://localhost:8888/me/dropbox/bahroni_blog/index.php/latihan/action?ac=riwayat_latihan&amp;id=13_7\">proyek bmh.yarid.id</a></p>', '2021-07-27 07:57:31'),
(9, 'Rutinitas harian kerja di Rumah', '<p><strong>Assalamu\'alaikum warahmatullahi wabarakatuh,</strong></p>\r\n<p>dirumah sangat sibuk bahkan lebih sibuk dari tempat kerja, meski demikian harus sediakan waktu untuk produktif dan belajar</p>', '2021-07-28 14:13:31'),
(10, '3 Batu, 10 Kerikil dan Pasir', '<p>Tiada hari tanpa melakukan misi untuk diselesaikan</p>\r\n\r\n<p><strong>Kita buat sendiri misi itu untuk kita selesaikan sendiri, memang tidak ada keharusan bagi kita untuk menyelesaikan misi tersebut namun itu adalah motivasi setidaknya hari-hari kita tidak habis secara sia-sia namun ada hal yang telah kita kerjakan meski itu bukan hal yang besar.</strong></p>\r\n', '2021-08-03 22:30:25'),
(11, 'Keuangan harian', '<blockquote>\r\n<p>cerdas keuangan adalah mimpi semua orang karena tidak semua orang bisa</p>\r\n</blockquote>\r\n\r\n<p>Semangat bahroni</p>\r\n', '2021-08-12 09:12:51'),
(12, 'Proyek Pembelian dgn Toko Palsu', '<p>Bismillah,</p>\r\n\r\n<p>kami akan mengerjakan proyek yang dibuat sendiri untuk mengasah kemampuan agar lebih baik, proyek pembelian untuk mempermudah kita kasih nama toko-nya</p>\r\n\r\n<h1><q>Toko Amanah</q></h1>\r\n\r\n<p>seperti toko pada umumnya yang melakukan jual beli namun pada kasus ini <strong>toko amanah</strong> hanya akan melakukan pencatatan pada transaksi pembeliannya karena toko amanah sangat selektif dalam melakukan pembelian toko amanah mencari kualitas barang terbaik dengan harga termurah untuk itu toko amanah melakukan pencatatan disetiap pembelian yang mereka lakukan seperti data tempat pembelian, harga, jumlah, tanggal dan lainnya yang perlu untuk dicatat. catatan lain yang tak kalah penting toko amanah memiliki divisi persediaan yang mengontrol stok yang ada baik ditoko maupun digudang divisi ini akan membuat laporan stok akan habis kepada divisi pembelian agar melakukan pembelian pada barang-barang yang diminta oleh divisi persediaan setelahnya divisi pembelian akan melakukan seleksi tempat yang menjual barang tersebut tentu saja berdasarkan kriteria yang telah disebutkan diatas.</p>\r\n\r\n<p>yang perlu dibuat</p>\r\n\r\n<ol>\r\n	<li>Pencatatan pembelian</li>\r\n	<li>Pencatatan persediaan digudang maupun ditoko</li>\r\n</ol>\r\n', '2021-08-23 17:53:33'),
(13, 'Aplikasi untuk kontrol pembayaran sewa properti', '<p>Properti bisa berupa rumah, kos-kosan, kontrakan dan lain sebagainya. sewa dibuat bulanan namun jika ada yang mau menyewa 3 bulan, 6 bulan bahkan 1 tahun bisa sekali akan diberi potongan setiap 3 bulannya 5%</p>\r\n', '2021-08-24 08:50:27'),
(14, 'BMH Hikmah harian', '<p>Kalimat hikmah yang diambil dari Instagram BMH pusat ataupun perwakilan, bisa juga dari sumber lain yang penting bermanfaat bisa di share kepada para donatur &radic;</p>\r\n', '2021-08-25 01:52:52'),
(15, 'Project dari wahyu', '<blockquote>\r\n<p>Perihal : Proyek E-Commerce</p>\r\n\r\n<p>Tanggal Mulai : 21 September 2021</p>\r\n\r\n<p>Tanggal Berakhir : -</p>\r\n</blockquote>\r\n\r\n<p>proyek dari malaysia permintaan dari teman wahyu dengan durasi 1 minggu. permitaannya ingin membuat website e-commerce seperti ini <a href=\"http://bundles.my/\" target=\"_blank\">http://bundles.my/</a> sedangkan untuk pengerjaannya di <a href=\"https://chabundle.com/wp-admin/\">https://chabundle.com/wp-admin/</a> dengan akses username : chabundle password : Putri007.</p>\r\n\r\n<p>&nbsp;</p>\r\n\r\n<p>ganti layout katanya kayak gini <a target=\"_blank\" href=\"https://www.limitedrainbow.com/\">https://www.limitedrainbow.com/</a></p>\r\n', '2021-09-21 20:28:57'),
(16, 'http://103.82.242.80/gatesystem/', '<p>http://103.82.242.80/gatesystem/<br />\r\nusername : jfx_2020<br />\r\npassword : jfx2020</p>\r\n\r\n<p>=====================================================<br />\r\nInformasi Virtual Private Server (VPS)<br />\r\n=====================================================<br />\r\nIP vnc : 123.100.226.75<br />\r\nPort : 5930<br />\r\nPassword : 7AX6l2QWmz158</p>\r\n\r\n<p>IP Address: 103.82.241.220<br />\r\nHostname: exabytes-67654665<br />\r\nIP:&nbsp; 103.82.241.220<br />\r\nUsername: root<br />\r\nPort SSH: 8288<br />\r\n​Password root: QEd3zx2vd25WBJiL60</p>\r\n\r\n<hr />\r\n<p>http://103.82.241.220/adminer/</p>\r\n\r\n<p>&#39;hostname&#39; =&gt; &#39;localhost&#39;,<br />\r\n&nbsp;&nbsp; &nbsp;&#39;username&#39; =&gt; &#39;root&#39;,<br />\r\n&nbsp;&nbsp; &nbsp;&#39;password&#39; =&gt; &#39;gate&#39;,<br />\r\n&nbsp;&nbsp; &nbsp;&#39;database&#39; =&gt; &#39;systemgate&#39;,<br />\r\n&nbsp;&nbsp; &nbsp;&#39;dbdriver&#39; =&gt; &#39;mysqli&#39;,</p>\r\n', '2021-10-13 17:13:32'),
(17, 'Bahroni_blog to develop', '<ol>\r\n	<li>membuat kamus</li>\r\n</ol>\r\n', '2021-10-15 02:21:58'),
(18, 'Membuat kamus b.ing > b.indo', '<p><strong>Proyek membuat kamus </strong></p>\r\n\r\n<p><strong>bahasa inggris dengan bahasa indonesia</strong></p>\r\n\r\n<p>&nbsp;&nbsp;&nbsp;&nbsp;&nbsp;&nbsp;&nbsp;&nbsp;&nbsp;&nbsp;&nbsp; Pada umumnya kamus digunakan untuk mencari arti sebuah kata misalkan kata &quot;red&quot; yang mempunyai arti &quot;merah&quot; <strong>Namun </strong>dalam bahasa inggris terkadang pada satu kata memiliki banyak arti misalkan &quot;good&quot; yang memiliki arti &quot;bagus&quot; atau &quot;baik&quot; tergantung digunakan untuk apa, misalkan untuk menilai barang/benda biasanya memakai kata &quot;good&quot; dengan artian bagus &quot;rumah yang bagus&quot; &quot;good shoes&quot; sepatu yang bagus sedangkan &quot;good&quot; dengan artian baik misalkan &quot;good friend&quot; &quot;teman yang baik&quot;. dengan kondisi seperti ini program yang akan dibuat cuma membentuk 2 table master yaitu tabel kata dan tabel arti</p>\r\n', '2021-11-05 06:23:58'),
(19, 'Proyek obajatour.com', '<p>petunjuk-petunjuk</p>\r\n\r\n<p>[pre]</p>\r\n\r\n<p><a href=\"https://github.com/jwsdigital1/obajatour/compare/dev...roni\">https://github.com/jwsdigital1/obajatour/compare/dev...roni</a></p>\r\n\r\n<p>[/pre]</p>\r\n\r\n<p>[pre]</p>\r\n\r\n<p>[2:12 pm, 14/07/2022] Jo!!Client: frontend: staging.obajatour.com<br />\r\n[2:13 pm, 14/07/2022] Jo!!Client: backoffice:</p>\r\n\r\n<p>staging.obajatour.com/admin_obaja1<br />\r\nu: admin_obaja123<br />\r\np: AdminObaja135!@#</p>\r\n\r\n<p>[/pre]</p>\r\n\r\n<p>[pre]</p>\r\n\r\n<p>ssh centos@18.138.87.44 -i Obaja-VM_Web.pem</p>\r\n\r\n<p>IP PUBLIC : 52.74.202.89<br />\r\nIP PRIVATE : 10.0.0.247<br />\r\nPORT : 50171<br />\r\nUsername : obaja<br />\r\nPassword : aBU5-(=s~QE&quot;<br />\r\nUsername : root<br />\r\nPassword : /Pk&amp;F8z`q*NF<br />\r\nPW MySQL : _WF7b6b6</p>\r\n\r\n<p>[/pre]</p>\r\n', '2022-07-17 11:33:05'),
(20, 'input CloseCrowds.com', '<p>Petunjuk 2 | CloseCrowds.com<br />\r\n---------------------------------------------------------------------------------<br />\r\nemail : bizacquire@yahoo.com, password : P4l3mb4ng$,?.<br />\r\n---------------------------------------------------------------------------------<br />\r\nok mas,</p>\r\n\r\n<p>website nya <a href=\"https://CloseCrowds.com/wp-admin\" target=\"_blank\">CloseCrowds.com/wp-admin</a><br />\r\nLogin wp-admin nya<br />\r\nUser: admin<br />\r\npass: P3k4nB4ru$,?.</p>\r\n\r\n<p>mega.nz<br />\r\nbizacquire@yahoo.com<br />\r\nP4l3mb4ng$,?.</p>\r\n\r\n<p>ke menu Downloads - All Downloads, mas nya cari posting Diverge AI, lalu klik edit untuk lihat isi nya - atau klik duplicate untuk mulai posting baru tanpa harus mulai dari awal.</p>\r\n\r\n<p>Tolong gunakan wodpress classic editor aja ya mas, jangan pakai elementor untuk edit nya</p>\r\n\r\n<p>Buat Edit:<br />\r\nDescription:<br />\r\nYang di bawah garis lurus &quot;Instruction&quot; nggak boleh di edit-edit lagi - di biarkan begitu saja.<br />\r\nContent yang di copy paste dari Envato hanya &quot;Deskripsi&quot; dan &quot;Feature&quot;</p>\r\n\r\n<p>Mas tolong perhatikan yang Deskripsi, itu terkadang ada teks &quot;Elementor kit&quot; atau Theme. Kata ini kurang di mengerti oleh pengunjung. Jadi mas edit di ganti dengan kata yang lebih familiar seperti Elementor kit di ganti menjadi themes, atau web design atau template.</p>\r\n\r\n<p>Nangkep maksud saya nya ya mas?</p>\r\n\r\n<p>Lalu pilih kategori (disamakan seperti envato)</p>\r\n\r\n<p>Upload Image di &quot;Feature&quot; - sebelah kanan dan Product Gallery (agak di bawah)</p>\r\n\r\n<p>Input tags di sebelah kanan.<br />\r\nTags di sesuaikan dengan website. Contoh - website nya tentang Technologi atau tentang Food, tags nya jadi &quot;Technology Website&quot; &quot;Create tech website&quot;, &quot;wordpress website&quot;&nbsp;&nbsp; dan seterusnya, yang penting senada dengan theme website</p>\r\n\r\n<p>Untuk link download nya di ambil dari mega.nz.<br />\r\nNanti mas nya saya kasih login nya</p>\r\n\r\n<p>Untuk bikin Live Preview nya<br />\r\nFormatnya seperti ini<br />\r\nhttps://closecrowds.com/themes/?theme=AIRobotWebsite<br />\r\nMas nya tinggal ganti kata terakhir. Misal judul website dan posting nya dari ini<br />\r\nhttps://elements.envato.com/ophelia-hotel-resort-elementor-template-kit-2GG3QWU<br />\r\nMas bikin link preview nya:<br />\r\nhttps://closecrowds.com/themes/?theme=Ophelia-resort<br />\r\n(Harus hanya dua kata; nama theme dan jenis bisnis nya dan harus ada tanda penghubung)<br />\r\nMisal nama website &quot;Keren&quot; bisnis nya tentang Pertanian, maka link nya jadi:<br />\r\nhttps://closecrowds.com/themes/?theme=Keren-farm</p>\r\n\r\n<p>Nanti mas nya kasih report nya ke saya atau buat report di google sheet.<br />\r\nisinya:<br />\r\nLink akhir posting: https://www.closecrowds.com/downloads/diverge-ai-robotics-website-themes/<br />\r\nLink halaman produk: https://elements.envato.com/diverge-ai-robotics-elementor-template-kit-3RHE7EE<br />\r\nLink live sumber : https://elementorpress.com/templatekit-pro/layout45/<br />\r\nLink preview https://closecrowds.com/themes/?theme=AIRobotWebsite</p>\r\n\r\n<p>Coba mas nya buat satu posting dulu biar saya bisa review<br />\r\nmakasih ya</p>\r\n', '2022-07-19 15:04:08'),
(21, 'jasaview.id', '<p><a href=\"https://www.jasaview.id/masuk/\" target=\"_blank\">https://www.jasaview.id/masuk/</a></p>\r\n\r\n<p>Nama : Bahroni</p>\r\n\r\n<p>Email : padukaroni@yahoo.com</p>\r\n\r\n<p>Password : mGzL9nSus9T9wxP</p>\r\n', '2022-09-07 23:26:10'),
(22, 'Migrasi PostWp dari CI3 ke laravel', '<p>Urutan yang akan dikerjakan</p>\r\n\r\n<ol>\r\n	<li>create project name in localhost</li>\r\n	<li>decide template to use</li>\r\n	<li>create new database for aplicaion</li>\r\n</ol>\r\n', '2022-10-03 23:13:52'),
(23, 'Kumpulan Password', '<p>disini tercatat password-password untuk account yang pernah kami daftar</p>\r\n', '2022-10-08 04:45:58');

-- --------------------------------------------------------

--
-- Table structure for table `latihan_category`
--

CREATE TABLE `latihan_category` (
  `id_latihan` bigint(20) DEFAULT NULL,
  `id_category` bigint(20) DEFAULT NULL
) ENGINE=InnoDB DEFAULT CHARSET=utf8mb4 COLLATE=utf8mb4_unicode_ci;

--
-- Dumping data for table `latihan_category`
--

INSERT INTO `latihan_category` (`id_latihan`, `id_category`) VALUES
(1, 5),
(1, 4),
(2, 11),
(2, 10),
(4, 8),
(4, 7),
(4, 3),
(5, 4),
(5, 3),
(6, 8),
(3, 12),
(3, 3),
(9, 2),
(8, 2),
(7, 13),
(10, 2),
(11, 2),
(12, 13),
(13, 13),
(14, 2),
(15, 13),
(16, 13),
(17, 13),
(18, 13),
(19, 8),
(21, 13),
(22, 17),
(20, 23),
(23, 2);

-- --------------------------------------------------------

--
-- Table structure for table `post`
--

CREATE TABLE `post` (
  `id` bigint(20) NOT NULL,
  `authorId` bigint(20) NOT NULL,
  `parentId` bigint(20) DEFAULT NULL,
  `title` varchar(75) COLLATE utf8mb4_unicode_ci NOT NULL,
  `metaTitle` varchar(100) COLLATE utf8mb4_unicode_ci DEFAULT NULL,
  `slug` varchar(100) COLLATE utf8mb4_unicode_ci NOT NULL,
  `summary` tinytext COLLATE utf8mb4_unicode_ci DEFAULT NULL,
  `published` tinyint(1) NOT NULL DEFAULT 0,
  `createdAt` datetime NOT NULL,
  `updatedAt` datetime DEFAULT NULL,
  `publishedAt` datetime DEFAULT NULL,
  `content` text COLLATE utf8mb4_unicode_ci DEFAULT NULL
) ENGINE=InnoDB DEFAULT CHARSET=utf8mb4 COLLATE=utf8mb4_unicode_ci;

--
-- Dumping data for table `post`
--

INSERT INTO `post` (`id`, `authorId`, `parentId`, `title`, `metaTitle`, `slug`, `summary`, `published`, `createdAt`, `updatedAt`, `publishedAt`, `content`) VALUES
(1, 1, NULL, 'VQMod(script)', NULL, 'VQModscript', '', 1, '2020-10-22 03:52:35', '2020-11-02 11:59:15', NULL, 'VQmod adalah script virtual yang digunakan untuk menambah atau mengubah script core yang ada dalam opencart, tujuannya supaya dalam pengembangan extension programer tidak perlu mengubah script core opencart. hal ini penting supaya script core tidak ada modifikasi didalamnya.\r\n[br/]\r\ncontoh sederhana script VQmod(xml)\r\n\r\n[pre]\r\n&lt;?xml version=\"1.0\" encoding=\"UTF-8\"?>\r\n	&lt;modification\r\n		xmlns=\"https://github.com/vqmod/vqmod\"\r\n		xmlns:xsi=\"http://www.w3.org/2001/XMLSchema-instance\"\r\n		xsi:schemaLocation=\"https://github.com/vqmod/vqmod https://raw.githubusercontent.com/vqmod/vqmod/master/vqmod.xsd\"\r\n	>\r\n	&lt;id>Replace 123 with ABC&lt;/id>\r\n	&lt;version>1.0.0&lt;/version>\r\n	&lt;vqmver>2.5.0&lt;/vqmver>\r\n	&lt;author>qphoria&lt;/author>\r\n\r\n		&lt;file name=\"relative/path/myfile.php\">\r\n			&lt;operation>\r\n				&lt;search position=\"replace\">&lt;![CDATA[\r\n				$var = \'123\';\r\n				]]>&lt;/search>\r\n\r\n				&lt;add>&lt;![CDATA[\r\n				$var = \'ABC\';\r\n				]]>&lt;/add>\r\n			&lt;/operation>\r\n		&lt;/file>\r\n	&lt;/modification>\r\n[/pre]\r\n&lt;!-- update 23/10/2020 -->[br/]\r\nSkrip ini hanya mengubah nilai variabel \"myfile.php\" dari \"123\" menjadi \"ABC\" sebelum disertakan.[br/]\r\n[em-merah]This script simply changes the value of a variable of \"myfile.php\" from \"123\" to \"ABC\" before it gets included.[/em][br/]\r\n##Syntax[br/]\r\nvQmod mendukung sejumlah parameter:[br/]\r\n[em-merah]vQmod supports a number of parameters:[/em][br/]\r\n[em]Modification[/em]\r\n[ul]\r\n	[li]Ini adalah tingkat file tertinggi dan hanya boleh ada satu\r\n	[br/][em-merah]This is the highest level of the file and there can only be one[/em][/li]\r\n[/ul]\r\n[em]modification / id[/em]\r\n[ul]\r\n	[li]Ini adalah nama dan deskripsi mod tersebut.\r\n	[br/][em-merah]This is the name and description of the mod.[/em][/li]\r\n	[li]Format: Teks bentuk bebas. (Informasi).\r\n	[br/][em-merah]Format: Free form text. (Informational).[/em][/li]\r\n[/ul]\r\n[em]modification / version[/em]\r\n[ul]\r\n	[li]Ini adalah versi mod.\r\n	[br/][em-merah]This is the version of the mod.[/em][/li]\r\n	[li]Format: Angka dan Desimal (1.0.0) (Informasi)\r\n	[br/][em-merah]Format: Number and Decimal (1.0.0) (Informational)[/em][/li]\r\n[/ul]\r\n[em]modification / version[/em]\r\n[ul]\r\n	[li]Ini adalah versi mod.\r\n	[br/][em-merah]This is the version of the mod.[/em][/li]\r\n	[li]Format: Angka dan Desimal (1.0.0) (Informasi)\r\n	[br/][em-merah]Format: Number and Decimal (1.0.0) (Informational)[/em][/li]\r\n[/ul]\r\n&lt;!-- 26/10/2020 -->[br/]\r\n[em]modification / vqmver[/em]\r\n[ul]\r\n	[li]Ini adalah versi VirtualQMod minimum yang diperlukan agar skrip dapat berfungsi[br/][em-merah]This is the minimum required version of VirtualQMod needed for the script to work.[/em][/li]\r\n	[li]Format: Angka dan Desimal (1.0.0) (Informasi)[br/][em-merah]Format: Number and Decimal (1.0.0) (Informational)[/em][/li]\r\n	[li]Atribut required = \"true\" dapat secara opsional disetel untuk menonaktifkan skrip jika tidak memenuhi versi yang diperlukan (Ditambahkan dari 2.4.0)[br/][em-merah]A required=\"true\" attribute can be optionally set to disable the script if it doesn\'t meet the required version (Added from 2.4.0)[/em][/li]\r\n[/ul]\r\n[em]modification / author[/em]\r\n[ul]\r\n	[li]Ini adalah pembuat mod[br/][em-merah]This is the author of the mod.[/em][/li]\r\n	[li]Format: Teks bentuk bebas (Informasi)[br/][em-merah]Format: Free form text (Informational)[/em][/li]\r\n[/ul]\r\n[em]modification / file[/em]\r\n[ul]\r\n	[li]Ini adalah nama file yang akan diubah[br/][em-merah]This is the name of the file to modify[/em][/li]\r\n	[li]Membutuhkan atribut \"name\" sebagai nama file relatif ke lokasi file index.php utama (misalnya catalog / controller / product / product.php). Dapat dipisahkan dengan koma untuk diterapkan ke beberapa file sekaligus (2.3.0 +) Atribut nama mendukung karakter wildcard (*) untuk pembuatan jalur dinamis. Setiap karakter pengganti dibatasi pada satu tingkat direktori[br/][em-merah]Requires attribute \"name\" as relative filename to the location of the main index.php file (e.g. catalog/controller/product/product.php). Can be delimited with commas to apply to multiple files at once (2.3.0 +) Name attribute supports a wildcard (*) character for dynamic path building. Each wildcard is limited to a single directory level.[/em][/li]\r\n[/ul]\r\n	[pre]\r\n	- catalog/view/theme/*/template/product/product.tpl\r\n	- catalog/view/theme/*/*/product/product.tpl\r\n	- etc\r\n	[/pre]\r\n[ul]\r\n	[li]Mungkin ada beberapa tag file dalam satu file xml. Setiap file dapat memiliki rangkaian operasinya sendiri[br/][em-merah]There can be multiple file tags in a single xml file. Each file can have its own set of operations[/em][/li]\r\n	[li]Atribut opsional \"jalur\" dapat digunakan sebagai awalan nama file untuk menghindari pengulangan. Ini hanya ditambahkan ke nama file dan [strong]tidak[/strong] ada validasi yang dicoba (2.3.0 +)[br/][em-merah]Optional attribute \"path\" can be used to prefix file name\'s to avoid repetition. This is simply prepended to the file names and [strong]no[/strong] validation is attempted (2.3.0 +)[/em][/li]\r\n	[li]Atribut opsional \"error\" disetel ke log | lewati | batalkan[br/][em-merah]Optional attribute \"error\" set to log|skip|abort[/em][/li]\r\n	[ul]\r\n		[li][strong] lewati [/strong] berarti itu hanya akan mengabaikan file ini[br/][em-merah][strong]skip[/strong] means it will simply ignore this file.[/em][/li]\r\n		[li][strong] log [/strong] sama dengan lewati, tetapi mencatat kesalahan. [strong] (default) [/strong][br/][em-merah][strong]log[/strong] is the same as skip, but logs the error. [strong](default)[/strong][/em][/li]\r\n		[li][strong] abort [/strong] berarti mencatat kesalahan dan membatalkan operasi yang tersisa dalam skrip xml tersebut. Itu tidak mengembalikan perubahan ke file lain yang sudah dibuat dalam skrip itu dan tidak menghentikan file xml lainnya[br/][em-merah][strong]abort[/strong] means to log the error and cancel the remaining operations in that particular xml script. It does not revert changes to other files already made in that script and doesn\'t stop other xml files.[/em][/li]\r\n		[li][strong]Wildcard jalur akan mengabaikan \"kesalahan\" atribut-benar[/strong][br/][em-merah][strong]Wildcard paths will ignore the \"error\" attribute completely[/strong][/em][/li]\r\n	[/ul]\r\n[/ul]\r\n[em]modification / file / operation[/em]\r\n[ul]\r\n	[li]This is the wrapper of the actual operation occurring.[/li]\r\n	[li]There can be multiple operations to the same [em]file[/em] tag.[/li]\r\n	[li]Optional attribute \"info\" suggested. May be used by vQmod/vQmod Manager for OC in the future but at present isn\'t used. This is however ideal for making files easier to read[/li]\r\n	[li]Optional attribute \"error\" set to skip|log|abort[/li]\r\n	[ul]\r\n		[li][em]skip[/em] means all other operations will be applied even if one cannot. There will be no error in the log.[/li]\r\n		[li][em]log[/em] is the same as skip, but logs the error.[/li]\r\n		[li][em]abort[/em] means to log the error and revert to the original source. [em](default)[/em][/li]\r\n	[/ul]\r\n[/ul]\r\n[em]modification / file / operation / ignoreif[/em]\r\n[ul]\r\n	[li]This allows for a search to be made on a file. This search works across [em]multiple lines[/em] not just single lines. This tag is optional and if the search is found, the operation is skipped[/li]\r\n	[ul]\r\n		[li]Optional attribute \"regex\' set to true|false. Format of data inside tag then requires delimiters for regex as it uses the standard preg_match method for php. This attribute defaults to false[/li]\r\n	[/ul]\r\n[/ul]\r\n[em]modification / file / operation / search[/em]\r\n[ul]\r\n	[li]This is the first required step of the operation.[/li]\r\n	[li]&lt;strong>Can only search single lines&lt;/strong>, both fully and partially. But [em]offset[/em] and [em]index[/em] attributes will assist.[/li]\r\n	[li]Automatically trims whitespace and linebreaks[/li]\r\n	[li]One &lt;search&gt; tag per &lt;operation&gt; tag[/li]\r\n	[li]Use CDATA tags to wrap code.[/li]\r\n	[li]Required attribute \"position\" set to before|after|replace|top|bottom||ibefore|iafter.[/li]\r\n	[ul]\r\n		[li][em]replace[/em] will replace the data in the [em]search[/em] tag with the data in the [em]add[/em] tag. (default)[/li]\r\n		[li][em]before[/em] will insert the [em]add[/em] data before the [em]search[/em] data[/li]\r\n		[li][em]after[/em] will insert the [em]add[/em] data after the [em]search[/em] data[/li]\r\n		[li][em]top[/em] will insert the [em]add[/em] data at the top of the file. The [em]search[/em] data is ignored.[/li]\r\n		[li][em]bottom[/em] will insert the [em]add[/em] data at the bottom of the file. The [em]search[/em] data is ignored.[/li]\r\n		[li][em]all[/em] Deprecated as of 2.4.0[/li]\r\n		[li][em]ibefore[/em] will insert the code before the search inline instead of the line before[/li]\r\n		[li][em]iafter[/em] will insert the code afterthe search inline instead of the line before[/li]\r\n	[/ul]\r\n	[li]Optional attribute \"offset\" to work with the position[/li]\r\n	[ul]\r\n		[li]if the search position is before and offset 3 it will put the [em]add[/em] data before the line, 3 lines above the searched line[/li]\r\n		[li]if the search position is after and offset 3 it will put the [em]add[/em] data after the line, 3 lines below the searched line[/li]\r\n		[li]if the search position is replace and offset 3 it will remove the code from the search line and the next 3 lines and replace it with the [em]add[/em] data[/li]\r\n		[li]if the search position is top and offset 3 it will put the code before the line, 3 lines below the top of the file[/li]\r\n		[li]if the search position is bottom and offset 3 it will put the code after the line, 3 lines above the bottom of the file[/li]\r\n	[/ul]\r\n	[li]Optional attribute \"index\" for specifying which instances of a search tag should be acted on[/li]\r\n	[ul]\r\n		[li]If the search string is \"echo\" and there are 5 echos in the file, but only want to replace the 1st and 3rd, use index=\"1,3\"[/li]\r\n		[li]Comma delimited for multiple instances starting with \"1\"[/li]\r\n		[li]Leave out or set to FALSE to replace all instances. (default)[/li]\r\n	[/ul]\r\n	[li]Optional attribute \"regex\" for specifying whether or not to search a regex pattern.[/li]\r\n	[ul]\r\n		[li]If true, the [em]search[/em] data should be a valid regex pattern[/li]\r\n		[li]Leave out or set to FALSE to use normal string search (default)[/li]\r\n		[li]Does not apply to ibefore and iafter[/li]\r\n	[/ul]\r\n	[li]Optional attribute \"trim\" set to true|false[/li]\r\n	[ul]\r\n		[li]true will trim away whitespace and linebreaks.[/li]\r\n		[li]leave out or set to true to trim. (default is true)[/li]\r\n	[/ul]\r\n[/ul]\r\n[em]modification / file / operation / add[/em]\r\n[ul]\r\n	[li]This is the second required step of the operation.[/li]\r\n	[li]Can be [em]multiple[/em] lines[/li]\r\n	[li]One &lt;add&gt; tag per &lt;operation&gt; tag.[/li]\r\n	[li]Location of added data depends on the position attribute of the [em]search[/em] command.[/li]\r\n	[li]Use CDATA tags to wrap code.[/li]\r\n	[li]&lt;strong>[em]NEW IN 2.6.0[/em]&lt;/strong>: &lt;add&gt; tag now supports all the search attributes.[/li]\r\n	[li]&lt;strong>[em]Attributes in the [/em]&lt;/strong>&lt;strong>[em]&lt;add&gt;[/em]&lt;/strong>&lt;strong>[em] tag will override attributes in the [/em]&lt;/strong>&lt;strong>[em]&lt;search&gt;[/em]&lt;/strong>&lt;strong>[em] tag.[/em]&lt;/strong>[/li]\r\n	[li]Optional attribute \"position\" set to before|after|replace|top|bottom|ibefore|iafter.[/li]\r\n	[ul]\r\n		[li][em]replace[/em] will replace the data in the [em]search[/em] tag with the data in the [em]add[/em] tag. (default)[/li]\r\n		[li][em]before[/em] will insert the [em]add[/em] data before the [em]search[/em] data[/li]\r\n		[li][em]after[/em] will insert the [em]add[/em] data after the [em]search[/em] data[/li]\r\n		[li][em]top[/em] will insert the [em]add[/em] data at the top of the file. The [em]search[/em] data is ignored.[/li]\r\n		[li][em]bottom[/em] will insert the [em]add[/em] data at the bottom of the file. The [em]search[/em] data is ignored.[/li]\r\n		[li][em]ibefore[/em] will insert the code before the search inline instead of the line before[/li]\r\n		[li][em]iafter[/em] will insert the code afterthe search inline instead of the line before[/li]\r\n	[/ul]\r\n	[li]Optional attribute \"offset\" to work with the position[/li]\r\n	[ul]\r\n		[li]if the search position is before and offset 3 it will put the [em]add[/em] data before the line, 3 lines above the searched line[/li]\r\n		[li]if the search position is after and offset 3 it will put the [em]add[/em] data after the line, 3 lines below the searched line[/li]\r\n		[li]if the search position is replace and offset 3 it will remove the code from the search line and the next 3 lines and replace it with the [em]add[/em] data[/li]\r\n		[li]if the search position is top and offset 3 it will put the code before the line, 3 lines below the top of the file[/li]\r\n		[li]if the search position is bottom and offset 3 it will put the code after the line, 3 lines above the bottom of the file[/li]\r\n	[/ul]\r\n	[li]Optional attribute \"index\" for specifying which instances of a search tag should be acted on[/li]\r\n	[ul]\r\n		[li]If the search string is \"echo\" and there are 5 echos in the file, but only want to replace the 1st and 3rd, use index=\"1,3\"[/li]\r\n		[li]Comma delimited for multiple instances starting with \"1\"[/li]\r\n		[li]Leave out or set to FALSE to replace all instances. (default)[/li]\r\n	[/ul]\r\n	[li]Optional attribute \"regex\" for specifying whether or not to search a regex pattern.[/li]\r\n	[ul]\r\n		[li]If true, the [em]search[/em] data should be a valid regex pattern[/li]\r\n		[li]Leave out or set to FALSE to use normal string search (default)[/li]\r\n		[li]Does not apply to ibefore and iafter[/li]\r\n	[/ul]\r\n	[li]Optional attribute \"trim\" set to true|false[/li]\r\n	[ul]\r\n		[li]true will trim away whitespace and linebreaks.[/li]\r\n		[li]leave out or set to true to trim. (default is true)[/li]\r\n	[/ul]\r\n[/ul]\r\n[em]&lt;![CDATA[ ]]>[/em]\r\n[ul]\r\n	[li]These are called CDATA tags and they are used by xml to specify that the data between should not be evaluated. It\'s recommended you always use these for data between the and operation tags[/li]\r\n[/ul]'),
(2, 1, NULL, 'VQMod(example)', NULL, 'VQModexample', '', 1, '2020-10-27 03:35:11', '2020-11-03 12:00:05', NULL, '#Examples of use\r\n##\"Replace\" Example\r\n[ol]\r\n	[li]Create a new text file and call it \"replace-demo.xml\"[/li]\r\n	[li]Add the minimum required xml structure[/li]\r\n[/ol]\r\n\r\nInput\r\n[pre]\r\n	$var = \'ABC\';\r\n[/pre]\r\nScript\r\n[pre]\r\n&lt;?xml version=\"1.0\" encoding=\"UTF-8\"?>\r\n&lt;modification\r\n                xmlns=\"https://github.com/vqmod/vqmod\"\r\n                xmlns:xsi=\"http://www.w3.org/2001/XMLSchema-instance\"\r\n                xsi:schemaLocation=\"https://github.com/vqmod/vqmod https://raw.githubusercontent.com/vqmod/vqmod/master/vqmod.xsd\">\r\n                >\r\n	&lt;id>Replace ABC with 123&lt;/id>\r\n	&lt;version>1.0&lt;/version>\r\n	&lt;vqmver>2.X&lt;/vqmver>\r\n	&lt;author>xxx&lt;/author>\r\n	&lt;file name=\"path/to/myfile.php\">\r\n	&lt;operation info=\"replace ABC with 123\">\r\n		&lt;search position=\"replace\">&lt;![CDATA[\r\n		$var = \'ABC\';\r\n		]]>&lt;/search>\r\n		&lt;add>&lt;![CDATA[\r\n		$var = \'123\';\r\n		]]>&lt;/add>\r\n	&lt;/operation>\r\n	&lt;/file>\r\n&lt;/modification>\r\n[/pre]\r\nOutput\r\n[pre]\r\n$var = \'123\';\r\n[/pre]\r\n##\"Before\" Example\r\n\r\n[ol]\r\n[li]Create a new text file and call it \"before-demo.xml\"[/li]\r\n[li]Add the minimum required xml structure[/li]\r\n[/ol]\r\n\r\nInput\r\n[pre]\r\n$var = \'ABC\';\r\n[/pre]\r\nScript\r\n[pre]\r\n&lt;?xml version=\"1.0\" encoding=\"UTF-8\"?>\r\n&lt;modification\r\n                xmlns=\"https://github.com/vqmod/vqmod\"\r\n                xmlns:xsi=\"http://www.w3.org/2001/XMLSchema-instance\"\r\n                xsi:schemaLocation=\"https://github.com/vqmod/vqmod https://raw.githubusercontent.com/vqmod/vqmod/master/vqmod.xsd\">\r\n                >\r\n&lt;id>Before ABC, add 123&lt;/id>\r\n&lt;version>1.0&lt;/version>\r\n&lt;vqmver>2.X&lt;/vqmver>\r\n&lt;author>xxx&lt;/author>\r\n	&lt;file name=\"path/to/myfile.php\">\r\n		&lt;operation info=\"Before ABC, add 123\">\r\n			&lt;search position=\"before\">&lt;![CDATA[\r\n			$var = \'ABC\';\r\n			]]>&lt;/search>\r\n			&lt;add>&lt;![CDATA[\r\n			$var = \'123\';\r\n			]]>&lt;/add>\r\n		&lt;/operation>\r\n	&lt;/file>\r\n&lt;/modification>\r\n[/pre]\r\nOutput\r\n[pre]\r\n$var = \'123\';\r\n$var = \'ABC\';\r\n[/pre]\r\n\"After\" Example\r\n\r\n[ol]\r\n[li]Create a new text file and call it \"after-demo.xml\"[/li]\r\n[li]Add the minimum required xml structure[/li]\r\n[/ol]\r\n\r\nInput\r\n[pre]\r\n$var = \'ABC\';\r\n[/pre]\r\nScript\r\n[pre]\r\n&lt;?xml version=\"1.0\" encoding=\"UTF-8\"?>\r\n&lt;modification\r\n                xmlns=\"https://github.com/vqmod/vqmod\"\r\n                xmlns:xsi=\"http://www.w3.org/2001/XMLSchema-instance\"\r\n                xsi:schemaLocation=\"https://github.com/vqmod/vqmod https://raw.githubusercontent.com/vqmod/vqmod/master/vqmod.xsd\">\r\n                >\r\n	&lt;id>After ABC, add 123&lt;/id>\r\n	&lt;version>1.0&lt;/version>\r\n	&lt;vqmver>2.X&lt;/vqmver>\r\n	&lt;author>xxx&lt;/author>\r\n	&lt;file name=\"path/to/myfile.php\">\r\n		&lt;operation info=\"After ABC, add 123\">\r\n			&lt;search position=\"after\">&lt;![CDATA[\r\n			$var = \'ABC\';\r\n			]]>&lt;/search>\r\n			&lt;add>&lt;![CDATA[\r\n			$var = \'123\';\r\n			]]>&lt;/add>\r\n		&lt;/operation>\r\n	&lt;/file>\r\n&lt;/modification>\r\n[/pre]\r\nOutput\r\n[pre]\r\n$var = \'ABC\';\r\n$var = \'123\';\r\n[/pre]\r\n&lt;ignoreif> tag Example (2.3.0+)\r\n\r\n[ol]\r\n[li]Create a new text file and call it \"ignoreif-after-demo.xml\"[/li]\r\n[li]Add the minimum required xml structure[/li]\r\n[/ol]\r\n\r\nInput\r\n[pre]\r\n$var = \'ABC\';\r\n$var2 = \'XYZ\';\r\n[/pre]\r\nScript\r\n[pre]\r\n&lt;?xml version=\"1.0\" encoding=\"UTF-8\"?>\r\n&lt;modification\r\n                xmlns=\"https://github.com/vqmod/vqmod\"\r\n                xmlns:xsi=\"http://www.w3.org/2001/XMLSchema-instance\"\r\n                xsi:schemaLocation=\"https://github.com/vqmod/vqmod https://raw.githubusercontent.com/vqmod/vqmod/master/vqmod.xsd\">\r\n                >\r\n	&lt;id>After ABC, add 123 only if XYZ not in file&lt;/id>\r\n	&lt;version>1.0&lt;/version>\r\n	&lt;vqmver>2.X&lt;/vqmver>\r\n	&lt;author>xxx&lt;/author>\r\n	&lt;file name=\"path/to/myfile.php\">\r\n		&lt;operation info=\"After ABC, add 123 if XYZ not in file\">\r\n			&lt;ignoreif>&lt;![CDATA[\r\n			XYZ\r\n			]]>&lt;/ignoreif>\r\n			&lt;search position=\"after\">&lt;![CDATA[\r\n			$var = \'ABC\';\r\n			]]>&lt;/search>\r\n			&lt;add>&lt;![CDATA[\r\n			$var = \'123\';\r\n			]]>&lt;/add>\r\n		&lt;/operation>\r\n	&lt;/file>\r\n&lt;/modification>\r\n[/pre]\r\nOutput\r\n[pre]\r\n$var = \'ABC\';\r\n$var2 = \'XYZ\';\r\n[/pre]\r\n##Multiple files and a base path example (2.3.0+)\r\n\r\nSometimes you require adding the same modification to a number of files at once. Rather than having to do this for individual files and duplicating code for each, you can specify multiple files at once delimited by commas. You can also specify a base path to be used if the files are in a common directory. For example, suppose you want to replace ABC with 123 in the following files\r\n\r\n[ul]\r\n[li]/path/to/a.php[/li]\r\n[li]/path/to/b.php[/li]\r\n[li]/path/to/c.php[/li]\r\n[/ul]\r\n\r\n[ol]\r\n[li]Create a new text file and call it \"multi-file-demo.xml\"[/li]\r\n[li]Add the minimum required xml structure[/li]\r\n[/ol]\r\n\r\nInput (all files)\r\n[pre]\r\n$var = \'ABC\';\r\n[/pre]\r\nScript\r\n[pre]\r\n&lt;?xml version=\"1.0\" encoding=\"UTF-8\"?>\r\n&lt;modification\r\n                xmlns=\"https://github.com/vqmod/vqmod\"\r\n                xmlns:xsi=\"http://www.w3.org/2001/XMLSchema-instance\"\r\n                xsi:schemaLocation=\"https://github.com/vqmod/vqmod https://raw.githubusercontent.com/vqmod/vqmod/master/vqmod.xsd\">\r\n                >\r\n	&lt;id>Replace ABC with 123&lt;/id>\r\n	&lt;version>1.0&lt;/version>\r\n	&lt;vqmver>2.X&lt;/vqmver>\r\n	&lt;author>xxx&lt;/author>\r\n	&lt;file path=\"path/to/\" name=\"a.php,b.php,c.php\">\r\n		&lt;operation info=\"Replace ABC with 123\">\r\n			&lt;search position=\"replace\">&lt;![CDATA[\r\n			ABC\r\n			]]>&lt;/search>\r\n			&lt;add>&lt;![CDATA[\r\n			123\r\n			]]>&lt;/add>\r\n		&lt;/operation>\r\n	&lt;/file>\r\n&lt;/modification>\r\n[/pre]\r\nOutput (all files)\r\n[pre]\r\n$var = \'123\';\r\n[/pre]\r\n##\'Multi-line Replace\' Example\r\n\r\nvQmod is limited to a single-line search, but you can use the \"offset\" attribute to blindly blanket additional lines of code in the replace.\r\n\r\n[ol]\r\n[li]Create a new text file and call it \"multi-replace-demo.xml\"[/li]\r\n[li]Add the minimum required xml structure[/li]\r\n[/ol]\r\n\r\n    To replace multiple lines we use the \"offset\" attribute with replace. Count the number of total lines to replace and subtract one as the main line is already covered by the replace command. In this example, there are 8 lines of code, so offset would be 7. When possible it\'s advised to avoid doing this\r\n\r\nInput\r\n[pre]\r\npublic function index() {\r\n	$a = rand();\r\n	$b = rand();\r\n	if ($a == $b) {\r\n	echo \'oh noes\';\r\n	return false;\r\n	}\r\n}\r\n[/pre]\r\nScript\r\n[pre]\r\n&lt;?xml version=\"1.0\" encoding=\"UTF-8\"?>\r\n&lt;modification\r\n                xmlns=\"https://github.com/vqmod/vqmod\"\r\n                xmlns:xsi=\"http://www.w3.org/2001/XMLSchema-instance\"\r\n                xsi:schemaLocation=\"https://github.com/vqmod/vqmod https://raw.githubusercontent.com/vqmod/vqmod/master/vqmod.xsd\">\r\n                >\r\n	&lt;id>Replace many lines with one&lt;/id>\r\n	&lt;version>1.0&lt;/version>\r\n	&lt;vqmver>2.X&lt;/vqmver>\r\n	&lt;author>xxx&lt;/author>\r\n	&lt;file name=\"path/to/myfile.php\">\r\n		&lt;operation info=\"Replace index function\">\r\n			&lt;search position=\"replace\" offset=\"7\">&lt;![CDATA[\r\n			public function index() {\r\n			]]>&lt;/search>\r\n			&lt;add>&lt;![CDATA[\r\n			public function index($arr = array()) {\r\n			foreach ($arr as $a) {\r\n			echo $a;\r\n				 }\r\n			}\r\n			]]>&lt;/add>\r\n		&lt;/operation>\r\n	&lt;/file>\r\n&lt;/modification>\r\n[/pre]\r\nOutput\r\n[pre]\r\npublic function index($arr = array()) {\r\nforeach ($arr as $a) {\r\necho $a;\r\n     }\r\n}\r\n[/pre]\r\nNote there are still 7 blank lines. The offset clears the extra 7 lines of code from the input, but the replaced code is added in place of the initial line. So there will be 7 extra spaces after the new code, but it will not affect the code functionality, only the look of the vqcache file which is of no importance.'),
(3, 1, NULL, 'Membuat modal dengan adminLte', NULL, 'Membuat-modal-dengan-adminLte', '', 1, '2020-10-28 01:00:06', '2021-08-04 05:15:57', NULL, '<p>Modal salah satu metode untuk menampilkan data atau apapun dengan cara pop-up, modal ini cukup favorit karena tidak perlu load page dan bisa dikombinasikan dengan ajax supaya tmpilannya bisa diatur sesuai keinginan kita. [br/] #Komponen modal [ul] [li]Cukup download adminLte karena sudah lengkap, html, css dan javascript/jquery[/li] [/ul] #HTML [br/]##Button [pre] &lt;!-- versi codeigniter --&gt; $link = form_button(array( &#39;type&#39; =&gt; &#39;button&#39;, &#39;content&#39; =&gt; &#39;&lt;i class=&quot;fa fa-eye&quot;&gt;&lt;/i&gt;&#39;, &#39;class&#39; =&gt; &#39;btn btn-warning&#39;, &#39;data-toggle&#39; =&gt; &#39;modal&#39;, &#39;data-target&#39; =&gt; &#39;#modal-default&#39; )); **bisa jika mengaktifkan helper html** &lt;!-- /versi codeigniter --&gt; &lt;!-- versi html --&gt; &lt;button type=&quot;button&quot; class=&quot;btn btn-default&quot; data-toggle=&quot;modal&quot; data-target=&quot;#modal-default&quot;&gt; Launch Default Modal &lt;/button&gt; &lt;!-- /versi html --&gt; [/pre] kunci untuk memanggil modal ada pada attribute [strong]data-toggle=&quot;modal&quot; data-target=&quot;#modal-default&quot;[/strong] karena &quot;data-target&quot; akan memanggil [strong]id=&quot;modal-default&quot;[/strong] [br/]##Modal [pre] &lt;div class=&quot;modal fade&quot; id=&quot;modal-default&quot;&gt; &lt;div class=&quot;modal-dialog&quot;&gt; &lt;div class=&quot;modal-content&quot;&gt; &lt;div class=&quot;modal-header&quot;&gt; &lt;button type=&quot;button&quot; class=&quot;close&quot; data-dismiss=&quot;modal&quot; aria-label=&quot;Close&quot;&gt; &lt;span aria-hidden=&quot;true&quot;&gt;&times;&lt;/span&gt;&lt;/button&gt; &lt;h4 class=&quot;modal-title&quot;&gt;Default Modal&lt;/h4&gt; &lt;/div&gt; &lt;div class=&quot;modal-body&quot;&gt; &lt;p&gt;One fine body&hellip;&lt;/p&gt; &lt;/div&gt; &lt;div class=&quot;modal-footer&quot;&gt; &lt;button type=&quot;button&quot; class=&quot;btn btn-default pull-left&quot; data-dismiss=&quot;modal&quot;&gt;Close&lt;/button&gt; &lt;button type=&quot;button&quot; class=&quot;btn btn-primary&quot;&gt;Save changes&lt;/button&gt; &lt;/div&gt; &lt;/div&gt; &lt;!-- /.modal-content --&gt; &lt;/div&gt; &lt;!-- /.modal-dialog --&gt; &lt;/div&gt; &lt;!-- /.modal --&gt; [/pre] Dengan begini saja seharusnya sudah jalan, tapi kalau begini saja maka cukup sebagai tampilan sederhana saja tidak bisa berubah-ubah makanya agar bisa lebih dinamis digabungkan dengan [strong]ajax[/strong] namun diberi imbuhan sedikit yaitu [strong]ID[/strong] pada body modal [br/]##Modal dengan ajax [pre] &lt;div class=&quot;modal fade&quot; id=&quot;modal-default&quot;&gt; &lt;div class=&quot;modal-dialog&quot;&gt; &lt;div class=&quot;modal-content&quot;&gt; &lt;div class=&quot;modal-header&quot;&gt; &lt;button type=&quot;button&quot; class=&quot;close&quot; data-dismiss=&quot;modal&quot; aria-label=&quot;Close&quot;&gt; &lt;span aria-hidden=&quot;true&quot;&gt;&times;&lt;/span&gt;&lt;/button&gt; &lt;h4 class=&quot;modal-title&quot;&gt;Isi Whatsapp&lt;/h4&gt; &lt;/div&gt; &lt;!-- disini kami tambahkan id=&quot;body-modal-data&quot; --&gt; &lt;div class=&quot;modal-body&quot; id=&quot;body-modal-data&quot;&gt; &lt;/div&gt; &lt;div class=&quot;modal-footer&quot;&gt; &lt;/div&gt; &lt;/div&gt; &lt;!-- /.modal-content --&gt; &lt;/div&gt; &lt;!-- /.modal-dialog --&gt; &lt;/div&gt; [/pre] fungsi dari [strong]id=&quot;body-modal-data&quot;[/strong] adalah tempat dari hasil ajax.[br/] karena akan ditambahi [em]ajax[/em] maka di tombol-nya ditambahi fungsi pada [strong]onClick[/strong]-nya [pre] &lt;!-- versi codeigniter --&gt; $link = form_button(array( &#39;type&#39; =&gt; &#39;button&#39;, &#39;content&#39; =&gt; &#39;&lt;i class=&quot;fa fa-eye&quot;&gt;&lt;/i&gt;&#39;, &#39;class&#39; =&gt; &#39;btn btn-warning&#39;, &#39;data-toggle&#39; =&gt; &#39;modal&#39;, &#39;data-target&#39; =&gt; &#39;#modal-default&#39;, &lt;!-- disini kami tempatkan fungsi yang dimaksud --&gt; &#39;onClick&#39; =&gt; &quot;getData(&#39;$value-&gt;id&#39;,&#39;$value-&gt;id&#39;,&#39;1&#39;)&quot; )); **bisa jika mengaktifkan helper html** &lt;!-- /versi codeigniter --&gt; &lt;!-- versi html --&gt; &lt;!-- disini kami tempatkan diujung script --&gt; &lt;button type=&quot;button&quot; class=&quot;btn btn-default&quot; data-toggle=&quot;modal&quot; data-target=&quot;#modal-default&quot; onClick=&quot;getData(&#39;&lt;?php echo $value-&gt;id; ?&gt;&#39;)&quot;&gt; Launch Default Modal &lt;/button&gt; &lt;!-- /versi html --&gt; [/pre] dimana fungsi tersebut akan memanggil script dari [em]javascript/jquery[/em] [pre] &lt;script type=&quot;text/javascript&quot;&gt; function getData(id, id_donatur, don){ var dt = {id:id,id_donatur:id_donatur,don:don} $.post(&quot;&lt;?php echo site_url(&#39;marketing/ajax_get_data&#39;); ?&gt;&quot;, dt,function(data, status){ $(&#39;#body-modal-data&#39;).html(data); }); } &lt;/script&gt; [/pre] ini akan menjalankan program [strong]PHP[/strong] dalam javascript yang disebut [em]ajax[/em] yang akan kami jelaskan pada tulisan yang lain itu saja dulu terima kasih</p>\r\n'),
(4, 1, NULL, 'wordwrap', NULL, 'wordwrap', '', 1, '2020-11-02 12:58:09', '2021-08-03 08:37:08', NULL, '<p>Fungsi wordwrap () membungkus string menjadi baris baru ketika mencapai panjang tertentu.</p>\r\n\r\n<p>[strong]Catatan:[/strong] Fungsi ini mungkin meninggalkan ruang putih di awal baris.&nbsp;</p>\r\n\r\n<p>[strong]Syntax[/strong] [br/] [pre]wordwrap(string,width,break,cut)[/pre]</p>\r\n\r\n<p>[pre] &lt;?php $str = &quot;An example of a long word is: Supercalifragulistic&quot;;\r\necho wordwrap($str,15,&quot;&lt;br/&gt;\\n&quot;,TRUE); ?&gt; [/pre]</p>\r\n'),
(5, 1, NULL, 'str_split', NULL, 'str_split', '', 1, '2020-11-03 01:05:41', '2021-07-27 11:05:01', NULL, '[pre]\r\n	&lt;?php\r\n	print_r(str_split(\"Hello\"));\r\n	?>\r\n[/pre]\r\n<span class=\"label label-success\">Hasil</span>\r\n<img class=\"img-responsive\" src=\"[base_url]imgss/str_split_1-php.png\" />\r\n<hr/>\r\n<strong>Definisi</strong>\r\nFungsi str_split () membagi string menjadi array\r\n[br/][em-merah]The str_split() function splits a string into an array[/em]\r\n[br/][strong]Syntax[/strong]\r\n[pre]\r\n	str_split(string,length)\r\n[/pre]\r\n<hr/>\r\n[pre]\r\n	&lt;?php\r\n		print_r(str_split(\"Hello\",3));\r\n	?>\r\n[/pre]\r\n<span class=\"label label-success\">Hasil</span>\r\n<img class=\"img-responsive\" src=\"[base_url]imgss/str_split_2-php.png\" />'),
(6, 1, NULL, 'Membuat ajax pada CI dgn method ($.post)', NULL, 'Membuat-ajax-pada-CI-dgn-method-post', '', 1, '2020-11-05 01:30:06', '2020-11-05 02:24:32', NULL, '<p>Buat tombol yang berfungsi untuk membuat aksi [em]javaScript[/em]</p>\r\n[pre]\r\n&lt;!-- versi HTML -->\r\n&lt;a class=\"btn btn-warning btn-flat btn-xs\" href=\"#\" data-toggle=\"modal\" data-target=\"#modal-default\" onClick=\"getData(\'&lt;?php echo $value->id; ?>\',\'&lt;?php echo $dtedit->id; ?>\')\">Edit&lt;/a>\r\n\r\n&lt;!-- versi fungsi CI -->\r\n$link = form_button(array(\r\n						\'type\'          => \'button\',\r\n						\'content\'       => \'&lt;i class=\"fa fa-whatsapp\">&lt;/i> Isi\',\r\n						\'class\'			=> \'btn btn-block btn-social btn-success\',\r\n						\'data-toggle\' 	=> \'modal\',\r\n						\'data-target\'	=> \'#modal-default\',\r\n						\'onClick\'		=> \"getData(\'$value->id\',\'$dtedit->id\',\'0\')\"\r\n					));\r\n[/pre]\r\n<p>\r\nKebetulan tombol yang menjadi contoh diatas langsung memanggil fungsi, sebetulnya juga bisa memanfaatka <strong>ID</strong>\r\n</p>\r\n<p>\r\nlalu buat fungsi dalam [em]JQuery[/em]\r\n</p>\r\n[pre]\r\n&lt;script type=\"text/javascript\">\r\n	function getData(id,id_latihan){\r\n		var dt = {id:id,id_latihan:id_latihan}\r\n		$(\'#body-modal-data\').html(\'...\');\r\n		$.post(\"&lt;?php echo site_url(\'latihan/ajax_get_data\'); ?>\", dt,function(data, status){\r\n			$(\'#body-modal-data\').html(data);\r\n		});\r\n	}\r\n&lt;/script>\r\n[/pre]\r\n<p>\r\nlanjut buat fungsi yang di panggil fungsi ajax diatas\r\n</p>\r\n[pre]\r\npublic function ajax_get_data(){\r\n		$id=$this->input->post(\'id\');\r\n		$id_latihan=$this->input->post(\'id_latihan\');\r\n		$dt=array(\r\n			\'ac\'=>\'edit_riwayat_latihan\',\r\n			\'id\'=>$id,\r\n			\'id_latihan\'=>$id_latihan,\r\n			\'dtriwayat_latihan\'=>$this->M_general->getEdit(\'riwayat_latihan\',$id)\r\n		);\r\n		echo view_one(\'latihan/ajax.php\',$dt);\r\n	}\r\n[/pre]\r\n<p>\r\nlanjut pada [strong]view[/strong]-nya\r\n</p>\r\n[pre]\r\n&lt;?php if($ac==\'edit_riwayat_latihan\'): ?>\r\n	&lt;?php\r\n							$hidden=array(\r\n								\'table\'=>\'riwayat_latihan\',\r\n								\'ac\'=>\'edit\',\r\n								\'id_latihan\'=>$id_latihan\r\n							);\r\n							echo form_open(\'latihan/simpan\',\'class=\"form-horizontal\"\',$hidden); ?>\r\n							&lt;div class=\"form-group\">\r\n								&lt;?php echo form_label(\'Title\', \'title\',array(\'class\'=>\'col-sm-2 control-label\')); ?>\r\n								&lt;div class=\"col-sm-10\">\r\n									&lt;?php\r\n									echo form_input(array(\r\n										\'type\'=>\'text\',\r\n										\'name\'=>\'title\',\r\n								\'value\'=>$dtedit->title,\r\n										\'class\'=>\'form-control\',\r\n										\'id\'=>\'title\',\r\n										\'placeholder\'=>\'Title\'\r\n										)\r\n									);\r\n									?>\r\n								&lt;/div>\r\n							&lt;/div>\r\n							&lt;div class=\"form-group\">\r\n								&lt;?php echo form_label(\'Description\', \'description\',array(\'class\'=>\'col-sm-2 control-label\')); ?>\r\n								&lt;div class=\"col-sm-10\">\r\n									&lt;?php echo form_textarea(array(\r\n										\'name\'=>\'description\',\r\n										\'class\'=>\'form-control\',\r\n							\'id\'=>\'description\',\r\n							\'value\'=>$dtedit->description,\r\n										\'placeholder\'=>\'Description\'\r\n										)\r\n									);\r\n									?>\r\n								&lt;/div>\r\n							&lt;/div>\r\n							&lt;div class=\"form-group\">\r\n								&lt;div class=\"col-sm-offset-2 col-sm-10\">\r\n									&lt;?php echo form_submit(\'save\', \'Submit\',\'class=\"btn btn-danger\"\'); ?>\r\n								&lt;/div>\r\n							&lt;/div>\r\n							&lt;?php echo form_close(); ?>\r\n&lt;?php endif; ?>\r\n[/pre]'),
(7, 1, NULL, 'Cara Membuat Grafik dengan ChartJs', NULL, 'Cara-Membuat-Grafik-dengan-ChartJs', '', 1, '2020-11-11 09:32:54', '2020-11-11 10:51:11', NULL, '<h1>Cara Membuat Grafik dengan ChartJs</h1>\r\n		<p><strong>Membuat Grafik Dengan ChartJs</strong>Grafik merupakan sebuah unsur atau fitur yang paling menambah nilai jual saat aplkasi dengan adanya fitur yang menampilkan data dalam bentuk grafik sangat membantu pengguna dalam membaca jumlah persentase sebuah kumpulan data\r\n		</p>\r\n\r\n		<p>Banyak keuntungan dalam menggunakan grafik. termasuk dapat membuat aplikasi yang kita buat menjadi lebih terlihat profesional. karena data yang awalnya hanya berupa angka bisa terlihat visual. apalagi dengan adanya animasi dan efek yang keren yang membuat tampilan grafik lebih terlihat menarik</p>\r\n\r\n		<p>Namun yang pasti menjadi pertanyaan bagi teman-teman adalah, sulitkah membuat grafik?</p>\r\n\r\n		<p>Jawabaannya tidak, karena sekarang sudah ada banyak plugin javascript yang dapat membantu kita dalam membuat sebuah grafik, apalagi masing-masing plugin grafik mempunyai kelebihan dan kekurangan masing-masing</p>\r\n\r\n		<p>Cara membuat grafik pada aplikasi atau website sngatlah mudah. teman-teman berada pada artikel yang tepat. karena pada tutorial malasngoding.com kali iini kita akan belajar <strong>cara membuat grafik dengan chart.js</strong></p>\r\n		\r\n		<h1>Cara Membuat Grafik dengan ChartJs</h1>\r\n		<p>Teman-teman yang baru mendengar chart.js pasti bingung apa sih chart.js itu silahkan teman-teman simak penjelasan berikut tentang pengertan dan bagaimana cara membuat grafik dengan chart.js dengan mudah dan gratis tentunya.</p>\r\n		<p><a href=\"www.chartjs.org\"><strong>Chart.js</strong></a> adalah salah satu plugin javascript yang dibuat untuk memudahkan atau membantu kita dalam membuat grafik dengan sangat mudah dan cepat. ada banyak sekali pilihan jenis grafik yang bisa kita buat dengan chart.js. diantaranya adalah grafik bari, line, pie, dan banyak deh pokoknya.</p>\r\n		<p>Teman-teman bisa langsung melihaat demo dari jenis-jenis atau model grafik yang bisa kita buat dengan chart.js di website si chart.js ini yaitu di:<a href=\"http://www.chartjs.org/samples/latest/\">http://www.chartjs.org/samples/latest/</a>\r\n		<br/>\r\n		<img src=\"http://localhost/me/dropbox/bahroni_blog/imgss/membuat-grafik-dengan-chartjs.png\" class=\"img-responsive\"/></p>\r\n		<p>Oke langsung saja ya kita mulai tentang cara membuat grafik dengan chart.js</p>\r\n		<h1>Cara Membuat Grafik dengan ChartJs</h1>\r\n		<p>Pada tutorial ini kita akan membuat beberapa jenis contoh grafik dengan menggunakan chart.js</p>\r\n		<p>Langsung saja teman-teman download dulu chart.js nya di <a href=\"https://github.com/chartjs/Chart.js/releases/tag/v2.7.2\">https://github.com/chartjs/Chart.js/releases/tag/v2.7.2</a>. pada saat tutorial ini dibuat, chartjs sudah sampai pada versi terbarunya yaitu v2.7.2</p>\r\n		<p>saya memdownload yang chart.js nya saja. karena saya rasa kita belum membutuhkan package yang lainnya dulu</p>\r\n		<p><img src=\"http://localhost/me/dropbox/bahroni_blog/imgss/cara-membuat-grafik-dengan-chartjs.png\" class=\"img-responsive\"/><span class=\"text-center\">Cara Membuat Grafik Chrt.js</span></p>\r\n		<p>\r\n		Setelah di downlod, extract dan rename nama foldernya menjadi <strong>chartjs</strong>. untuk apa kita rename? supaya lebih mudah kita hubungkan pada project kita. jadi gak perlu menulis sampai versi-versinya seperti v2.7.2 dan bla bla bla. <i class=\"fa fa-smile-o\"></i>\r\n		</p>\r\n\r\n		<p>\r\n		oh ya karena pada contohnya ini saya hanya menggunakan HTML saja dan tidak menggunakan PHP. silahkan teman-teman sesuaikan dengan kebutuhan masing-masing ja. karena saya hanya menggunakan <a href=\"#\">HTML</a>,  maka project nya saya buat di desktop saja projectnya saya buat dalam folder \"grafik\". nanti teman-teman bisa mendownloadnya, link downloadnya sudah saya sertakan di bawah tutorial ini.\r\n		</p>\r\n		<p><img src=\"http://localhost/me/dropbox/bahroni_blog/imgss/cara-install-chartjs-pada-html-atau-php.gif\" class=\"img-responsive\"/><span class=\"text-center\">cara install chhartjs pada html atau php</span></p>\r\n		<p>Selanjutnya buat sebuah file baru dengan nama <strong>index.html</strong> dalam foler grafik.</p>\r\n		<p>Pada file index.html ini saya akan <strong>Membuat sebuah contoh grafik</strong> menggunakan <strong>chart.js</strong></p>\r\n		<p>\r\n		<strong>index.html</strong>\r\n		[pre]\r\n		&lt;!DOCTYPE html>\r\n		&lt;html>\r\n		&lt;head>\r\n			&lt;title>Membuat Grafik Dengan Menggunakan Chart.js - www.malasngoding.com&lt;/title>\r\n			&lt;script type=\"text/javascript\" src=\"chartjs/Chart.js\">&lt;/script>\r\n		&lt;/head>\r\n		&lt;body>\r\n			&lt;style type=\"text/css\">\r\n				body{\r\n					font-family: roboto;\r\n				}\r\n			&lt;/style>\r\n		 \r\n			&lt;h2>Tutorial Membuat Grafik Dengan Chart.js - www.malasngoding.com&lt;/h2>\r\n		 \r\n		 \r\n		 \r\n			&lt;div style=\"width: 500px;height: 500px\">\r\n				&lt;canvas id=\"myChart\">&lt;/canvas>\r\n			&lt;/div>\r\n		 \r\n		 \r\n			&lt;script>\r\n				var ctx = document.getElementById(\"myChart\").getContext(\'2d\');\r\n				var myChart = new Chart(ctx, {\r\n					type: \'bar\',\r\n					data: {\r\n						labels: [\"Red\", \"Blue\", \"Yellow\", \"Green\", \"Purple\", \"Orange\"],\r\n						datasets: [{\r\n							label: \'# of Votes\',\r\n							data: [12, 19, 3, 23, 2, 3],\r\n							backgroundColor: [\r\n							\'rgba(255, 99, 132, 0.2)\',\r\n							\'rgba(54, 162, 235, 0.2)\',\r\n							\'rgba(255, 206, 86, 0.2)\',\r\n							\'rgba(75, 192, 192, 0.2)\',\r\n							\'rgba(153, 102, 255, 0.2)\',\r\n							\'rgba(255, 159, 64, 0.2)\'\r\n							],\r\n							borderColor: [\r\n							\'rgba(255,99,132,1)\',\r\n							\'rgba(54, 162, 235, 1)\',\r\n							\'rgba(255, 206, 86, 1)\',\r\n							\'rgba(75, 192, 192, 1)\',\r\n							\'rgba(153, 102, 255, 1)\',\r\n							\'rgba(255, 159, 64, 1)\'\r\n							],\r\n							borderWidth: 1\r\n						}]\r\n					},\r\n					options: {\r\n						scales: {\r\n							yAxes: [{\r\n								ticks: {\r\n									beginAtZero:true\r\n								}\r\n							}]\r\n						}\r\n					}\r\n				});\r\n			&lt;/script>\r\n		&lt;/body>\r\n		&lt;/html>\r\n		[/pre]\r\n		</p>\r\n		<p>Akan saya jelaskan dulu sedikit tentang syntx membuat grafik di atas</p>\r\n		<p>Pertama kita hubungkan dulu dengan file Chart.js yang sudah kita download tadi.</p>\r\n		[pre]&lt;script type=\"text/javascript\" src=\"chartjs/Chart.js\"></script>[/pre]\r\n		<p>Selanjutnya kita buat sebuah element <canvas>...</canvas> dan kita beri id dengan terserah kita. di sini saya memberi nama id nya dengan \"myChart\".</p>\r\n		[pre]\r\n		&lt;div style=\"width: 500px;height: 500px\">\r\n			&lt;canvas id=\"myChart\">&lt;/canvas>\r\n		&lt;/div>\r\n		[/pre]\r\n		<p>\r\n		kemudian terakhir pada bagian deklarasi chart.js nya kita perintahkan untuk membuat grafik \"2d\" pada id \"myChart\".\r\n		[pre]\r\n		var ctx = document.getElementById(\"myChart\").getContext(\'2d\');\r\n		[/pre]\r\n		</p>\r\n		<p>\r\n		dengan detail sebagai berikut.\r\n		[pre]\r\n		var myChart = new Chart(ctx, {\r\n			type: \'bar\',\r\n			data: {\r\n				labels: [\"Red\", \"Blue\", \"Yellow\", \"Green\", \"Purple\", \"Orange\"],\r\n				datasets: [{\r\n					label: \'# of Votes\',\r\n					data: [12, 19, 3, 23, 2, 3],\r\n					backgroundColor: [\r\n					\'rgba(255, 99, 132, 0.2)\',\r\n					\'rgba(54, 162, 235, 0.2)\',\r\n					\'rgba(255, 206, 86, 0.2)\',\r\n					\'rgba(75, 192, 192, 0.2)\',\r\n					\'rgba(153, 102, 255, 0.2)\',\r\n					\'rgba(255, 159, 64, 0.2)\'\r\n					],\r\n					borderColor: [\r\n					\'rgba(255,99,132,1)\',\r\n					\'rgba(54, 162, 235, 1)\',\r\n					\'rgba(255, 206, 86, 1)\',\r\n					\'rgba(75, 192, 192, 1)\',\r\n					\'rgba(153, 102, 255, 1)\',\r\n					\'rgba(255, 159, 64, 1)\'\r\n					],\r\n				borderWidth: 1\r\n				}]\r\n			},\r\n			options: {\r\n				scales: {\r\n					yAxes: [{\r\n						ticks: {\r\n							beginAtZero:true\r\n						}\r\n					}]\r\n				}\r\n			}\r\n		});\r\n		[/pre]\r\n		</p>\r\n		<p>\r\n		kita menetapkan jenis type grafik yang akan kita buat adalah jenis grafik \"bar\"\r\n		[pre]\r\n		type: \'bar\',\r\n		[/pre]\r\n		</p>\r\n		<p>\r\n		dan untuk data grafik nya dan pengaturan warna yang teman-teman inginkan bisa di atur juga pada [em]datasets[/em] berikut.\r\n		[pre]\r\n		datasets: [{\r\n			label: \'# of Votes\',\r\n			data: [12, 19, 3, 23, 2, 3],\r\n			backgroundColor: [\r\n			\'rgba(255, 99, 132, 0.2)\',\r\n			\'rgba(54, 162, 235, 0.2)\',\r\n			\'rgba(255, 206, 86, 0.2)\',\r\n			\'rgba(75, 192, 192, 0.2)\',\r\n			\'rgba(153, 102, 255, 0.2)\',\r\n			\'rgba(255, 159, 64, 0.2)\'\r\n			],\r\n			borderColor: [\r\n			\'rgba(255,99,132,1)\',\r\n			\'rgba(54, 162, 235, 1)\',\r\n			\'rgba(255, 206, 86, 1)\',\r\n			\'rgba(75, 192, 192, 1)\',\r\n			\'rgba(153, 102, 255, 1)\',\r\n			\'rgba(255, 159, 64, 1)\'\r\n			],\r\n		borderWidth: 1\r\n		}]\r\n		[/pre]\r\n		</p>\r\n		<p>\r\n		Penasaran dengan hasilnya? mari kita jalankan file index.html yang sudah kita buat di atas.\r\n		<img src=\"http://localhost/me/dropbox/bahroni_blog/imgss/membuat-grafik-dengan-mudah-pada-html-atau-php-1024x544.png\" class=\"img-responsive\"/>\r\n		</p>\r\n		<p>\r\n		Hasilnya keren kan\r\n		</p>'),
(8, 1, NULL, 'Membuat accordion AdminLte', NULL, 'Membuat-accordion-AdminLte', '', 1, '2020-11-11 12:37:00', '2020-11-12 01:09:56', NULL, '<h3>Cara membuat accordion AdminLte</h3>\r\n<p>[pre]\r\n&lt;div class=\"box-group\" id=\"accordion\">\r\n	&lt;!-- we are adding the .panel class so bootstrap.js collapse plugin detects it -->\r\n	&lt;div class=\"panel box box-primary\">\r\n	  &lt;div class=\"box-header with-border\">\r\n		&lt;h4 class=\"box-title\">\r\n		  &lt;a data-toggle=\"collapse\" data-parent=\"#accordion\" href=\"#collapseOne\">\r\n			Collapsible Group Item #1\r\n		  &lt;/a>\r\n		&lt;/h4>\r\n	  &lt;/div>\r\n	  &lt;div id=\"collapseOne\" class=\"panel-collapse collapse in\">\r\n		&lt;div class=\"box-body\">\r\n			isi satu\r\n		&lt;/div>\r\n	  &lt;/div>\r\n	&lt;/div>\r\n	&lt;div class=\"panel box box-danger\">\r\n	  &lt;div class=\"box-header with-border\">\r\n		&lt;h4 class=\"box-title\">\r\n		  &lt;a data-toggle=\"collapse\" data-parent=\"#accordion\" href=\"#collapseTwo\">\r\n			Collapsible Group Danger\r\n		  &lt;/a>\r\n		&lt;/h4>\r\n	  &lt;/div>\r\n	  &lt;div id=\"collapseTwo\" class=\"panel-collapse collapse\">\r\n		&lt;div class=\"box-body\">\r\n		  isi dua\r\n		&lt;/div>\r\n	  &lt;/div>\r\n	&lt;/div>\r\n	&lt;div class=\"panel box box-success\">\r\n	  &lt;div class=\"box-header with-border\">\r\n		&lt;h4 class=\"box-title\">\r\n		  &lt;a data-toggle=\"collapse\" data-parent=\"#accordion\" href=\"#collapseThree\">\r\n			Collapsible Group Success\r\n		  &lt;/a>\r\n		&lt;/h4>\r\n	  &lt;/div>\r\n	  &lt;div id=\"collapseThree\" class=\"panel-collapse collapse\">\r\n		&lt;div class=\"box-body\">\r\n		  isi tiga\r\n		&lt;/div>\r\n	  &lt;/div>\r\n	&lt;/div>\r\n&lt;/div>\r\n[/pre]</p>'),
(9, 1, NULL, 'Membuat tabulasi AdminLte', NULL, 'Membuat-tabulasi-AdminLte', '', 1, '2020-11-12 01:19:30', '2020-11-12 01:25:29', NULL, 'Menu diletakkan sebelah kiri\r\n[pre]\r\n&lt;!-- Custom Tabs -->\r\n&lt;div class=\"nav-tabs-custom\">\r\n  &lt;ul class=\"nav nav-tabs\">\r\n    &lt;li class=\"active\">&lt;a href=\"#tab_1\" data-toggle=\"tab\">Tab 1&lt;/a>&lt;/li>\r\n    &lt;li>&lt;a href=\"#tab_2\" data-toggle=\"tab\">Tab 2&lt;/a>&lt;/li>\r\n    &lt;li>&lt;a href=\"#tab_3\" data-toggle=\"tab\">Tab 3&lt;/a>&lt;/li>\r\n    &lt;li class=\"dropdown\">\r\n      &lt;a class=\"dropdown-toggle\" data-toggle=\"dropdown\" href=\"#\">\r\n        Dropdown &lt;span class=\"caret\">&lt;/span>\r\n      &lt;/a>\r\n      &lt;ul class=\"dropdown-menu\">\r\n        &lt;li role=\"presentation\">&lt;a role=\"menuitem\" tabindex=\"-1\" href=\"#\">Action&lt;/a>&lt;/li>\r\n        &lt;li role=\"presentation\">&lt;a role=\"menuitem\" tabindex=\"-1\" href=\"#\">Another action&lt;/a>&lt;/li>\r\n        &lt;li role=\"presentation\">&lt;a role=\"menuitem\" tabindex=\"-1\" href=\"#\">Something else here&lt;/a>&lt;/li>\r\n        &lt;li role=\"presentation\" class=\"divider\">&lt;/li>\r\n        &lt;li role=\"presentation\">&lt;a role=\"menuitem\" tabindex=\"-1\" href=\"#\">Separated link&lt;/a>&lt;/li>\r\n      &lt;/ul>\r\n    &lt;/li>\r\n    &lt;li class=\"pull-right\">&lt;a href=\"#\" class=\"text-muted\">&lt;i class=\"fa fa-gear\">&lt;/i>&lt;/a>&lt;/li>\r\n  &lt;/ul>\r\n  &lt;div class=\"tab-content\">\r\n    &lt;div class=\"tab-pane active\" id=\"tab_1\">\r\n      isi satu\r\n    &lt;/div>\r\n    &lt;!-- /.tab-pane -->\r\n    &lt;div class=\"tab-pane\" id=\"tab_2\">\r\n      isi dua\r\n    &lt;/div>\r\n    &lt;!-- /.tab-pane -->\r\n    &lt;div class=\"tab-pane\" id=\"tab_3\">\r\n      isi tiga\r\n    &lt;/div>\r\n    &lt;!-- /.tab-pane -->\r\n  &lt;/div>\r\n  &lt;!-- /.tab-content -->\r\n&lt;/div>\r\n&lt;!-- nav-tabs-custom -->\r\n[/pre]\r\nMenu diletakkan sebelah kanan\r\n[pre]\r\n&lt;!-- Custom Tabs (Pulled to the right) -->\r\n&lt;div class=\"nav-tabs-custom\">\r\n  &lt;ul class=\"nav nav-tabs pull-right\">\r\n    &lt;li class=\"active\">&lt;a href=\"#tab_1-1\" data-toggle=\"tab\">Tab 1&lt;/a>&lt;/li>\r\n    &lt;li>&lt;a href=\"#tab_2-2\" data-toggle=\"tab\">Tab 2&lt;/a>&lt;/li>\r\n    &lt;li>&lt;a href=\"#tab_3-2\" data-toggle=\"tab\">Tab 3&lt;/a>&lt;/li>\r\n    &lt;li class=\"dropdown\">\r\n      &lt;a class=\"dropdown-toggle\" data-toggle=\"dropdown\" href=\"#\">\r\n        Dropdown &lt;span class=\"caret\">&lt;/span>\r\n      &lt;/a>\r\n      &lt;ul class=\"dropdown-menu\">\r\n        &lt;li role=\"presentation\">&lt;a role=\"menuitem\" tabindex=\"-1\" href=\"#\">Action&lt;/a>&lt;/li>\r\n        &lt;li role=\"presentation\">&lt;a role=\"menuitem\" tabindex=\"-1\" href=\"#\">Another action&lt;/a>&lt;/li>\r\n        &lt;li role=\"presentation\">&lt;a role=\"menuitem\" tabindex=\"-1\" href=\"#\">Something else here&lt;/a>&lt;/li>\r\n        &lt;li role=\"presentation\" class=\"divider\">&lt;/li>\r\n        &lt;li role=\"presentation\">&lt;a role=\"menuitem\" tabindex=\"-1\" href=\"#\">Separated link&lt;/a>&lt;/li>\r\n      &lt;/ul>\r\n    &lt;/li>\r\n    &lt;li class=\"pull-left header\">&lt;i class=\"fa fa-th\">&lt;/i> Custom Tabs&lt;/li>\r\n  &lt;/ul>\r\n  &lt;div class=\"tab-content\">\r\n    &lt;div class=\"tab-pane active\" id=\"tab_1-1\">\r\n      isi satu\r\n    &lt;/div>\r\n    &lt;!-- /.tab-pane -->\r\n    &lt;div class=\"tab-pane\" id=\"tab_2-2\">\r\n      isi dua\r\n    &lt;/div>\r\n    &lt;!-- /.tab-pane -->\r\n    &lt;div class=\"tab-pane\" id=\"tab_3-2\">\r\n		isi tiga\r\n    &lt;/div>\r\n    &lt;!-- /.tab-pane -->\r\n  &lt;/div>\r\n  &lt;!-- /.tab-content -->\r\n&lt;/div>\r\n&lt;!-- nav-tabs-custom -->\r\n[/pre]');
INSERT INTO `post` (`id`, `authorId`, `parentId`, `title`, `metaTitle`, `slug`, `summary`, `published`, `createdAt`, `updatedAt`, `publishedAt`, `content`) VALUES
(10, 1, NULL, 'Import data dengan phpexcel', NULL, 'Import-data-dengan-phpexcel', '', 1, '2020-11-12 01:31:12', '2021-07-27 10:54:29', NULL, '<p>\r\n    <img src=\"[base_url]imgss/import_phpexcel_1.jpg\" class=\"img-responsive\"/>\r\n</p>\r\n<p>\r\n    kali ini saya akan share tutorial cara input data ke database dengan menggunakan file excel dengan plugin dari <a href=\"https://phpexcel.codeplex.com/\">PHPExcel</a>, sekarang banyak aplikasi yang menggunakan cara ini karena terlalu banyaknya data yang harus di masukan ke dalam database, banyangkan saja misal data ada 1000 lebih dan anda menginput satu persatu pasti memerlukan watku yang tidak sebentar, nah menggunakan plugin dari <strong>PHPExcel</strong> mungkin adalah solusi agar bisa mempersingkat waktu yang di perlukan untuk mengentri data, pertama download terlebih dahulu plugin <strong>PHPExcel</strong> <a href=\"https://phpexcel.codeplex.com/\">disini</a>, jika sudah extract file rar yang sudah anda download tadi, kemudian buatlah projek dengan nama terserah anda dan copy folder Classes dari file rar yang sudah extract tadi. untuk sebagai contoh dalam tutorial kali ini, data yang akan saya masukan seperti ini. \r\n</p>\r\n<p>\r\n    <img src=\"[base_url]imgss/import_phpexcel_2.png\" class=\"img-responsive\"/>\r\n</p>\r\n<p>\r\n    Ok, sekarang ke inti pembahasan, buatlah database terserah anda kemudian salin kode berikut dan jalankan di sql.\r\n    [pre]\r\n    DROP TABLE IF EXISTS `users`;\r\n    CREATE TABLE `users` (\r\n      `id` int(11) NOT NULL AUTO_INCREMENT,\r\n      `nama` varchar(50) DEFAULT NULL,\r\n      `alamat` text,\r\n      PRIMARY KEY (`id`)\r\n    ) ENGINE=InnoDB DEFAULT CHARSET=latin1;\r\n    [/pre]\r\n</p>\r\n<p>\r\n    kemudian buat koneksi ke database dangan menggunakan php, silahkan salin kode berikut dan simpan file didalam projek yang sudah anda buat tadi dengan nama koneksi.php\r\n    [pre]\r\n    &lt;?php\r\n      $host = \'localhost\';\r\n      $user = \'root\';\r\n      $pass = \'\';\r\n      $db = \'phpexcel\';\r\n\r\n      $conn = mysql_connect($host, $user, $pass);\r\n      mysql_select_db($db, $conn);\r\n    [/pre]\r\n</p>\r\n<p>\r\n    ganti <strong>user</strong>, <strong>pass</strong>, dan <strong>db</strong> sesuai dengan username, password dan db anda. setelah itu salin kode dibawah ini dan simpan file didalam projek yang sudah anda buat dengan nama index.php\r\n    [pre]\r\n    &lt;!DOCTYPE html>\r\n    &lt;html>\r\n        &lt;head>\r\n            &lt;title>ENTRI DATA DENGAN MENGGUNAKAN PLUGIN DARI PHPEXCEL&lt;/title>\r\n        &lt;/head>\r\n    &lt;body>\r\n        &lt;form method=\"POST\" action=\"proses.php\" enctype=\"multipart/form-data\">\r\n        &lt;input type=\"file\" name=\"excel\">\r\n        &lt;button>UPLOAD&lt;/button>\r\n        &lt;/form>\r\n    &lt;/body>\r\n    &lt;/html>\r\n    [/pre]\r\n</p>\r\n<p>\r\n    dan yang terakhir adalah buat file untuk proses input datanya silahkan salin kode berikut dan simpan file di dalam projek yang sudah anda buat dengan nama proses.php\r\n    [pre]\r\n    &lt;?php\r\n  // memanggil koneksi\r\n  require_once __DIR__.\'/koneksi.php\';\r\n\r\n  // memanggil class PHPExcel\r\n  require_once __DIR__.\'/Classes/PHPExcel.php\';\r\n  require_once __DIR__.\'/Classes/PHPExcel/IOFactory.php\';\r\n\r\n  // load excel\r\n  $file = $_FILES[\'excel\'][\'tmp_name\'];\r\n  $load = PHPExcel_IOFactory::load($file);\r\n  $sheets = $load->getActiveSheet()->toArray(null,true,true,true);\r\n\r\n  $i = 1;\r\n  foreach ($sheets as $sheet) {\r\n\r\n    // karena data yang di excel di mulai dari baris ke 2\r\n    // maka jika $i lebih dari 1 data akan di masukan ke database\r\n    if ($i > 1) {\r\n      // nama ada di kolom A\r\n      // sedangkan alamat ada di kolom B\r\n      $sql = \'INSERT INTO users SET\';\r\n      $sql .= \' nama=\"\'.$sheet[\'A\'].\'\",\';\r\n      $sql .= \' alamat=\"\'.$sheet[\'B\'].\'\"\';\r\n      mysql_query($sql);\r\n    }\r\n\r\n    $i++;\r\n  }\r\n\r\n  if($i >= 2) {\r\n    // pesan jika data berhasil di input\r\n    echo \'&lt;h1>Data berhasil dimasukan&lt;/h1>\';\r\n  }\r\n    [/pre]\r\n</p>\r\n<p>\r\ndan sekarang coba jalankan projek yang sudah anda buat, jika berhasil data yang di eksekusi dari excel akan masuk ke dalam table yang sudah dibuat, lihat gambar di bawah ini\r\n[br/]\r\n<img src=\"[base_url]/imgss/import_phpexcel_3.png\" class=\"img-responsive\"/>\r\n</p>\r\n<p>\r\n    Ok. sampai di sini dulu tutorial kali ini, selamat mencoba dan semoga bisa bermanfaat. \r\n</p>\r\n<p>\r\n    Sumber : <a href=\"https://cahbiyen.blogspot.com/2015/12/import-data-dengan-phpexcel.html\">https://cahbiyen.blogspot.com/2015/12/import-data-dengan-phpexcel.html</a>\r\n</p>\r\n'),
(11, 1, NULL, 'Export table to Excel', NULL, 'Export-table-to-Excel', '', 1, '2020-11-12 02:14:02', '2020-11-12 02:25:32', NULL, '<p>\r\n			<img src=\"http://localhost/me/dropbox/bahroni_blog/imgss/import_phpexcel_1.jpg\" class=\"img-responsive\"/>\r\n		</p>\r\n		<p>\r\n			kali ini saya akan share tutorial cara export data dari table ke <strong>excel</strong> dengan plugin dari <a href=\"https://phpexcel.codeplex.com/\">PHPExcel</a>, beberapa aplikasi menggunakan cara ini untuk membuat laporan, agar laporan yang ada dalam aplikasi bisa di lihat melalui excel, seperti dalam tutorial sebelumnya yang membahas tentang entri data dengan menggunakan plugin dari PHPExcel, pertama download terlebih dahulu plugin PHPExcel <a href=\"https://phpexcel.codeplex.com/\">disini</a>, jika sudah extract file rar yang sudah anda download tadi, kemudian buatlah projek dengan nama terserah anda dan copy folder <strong>Classes</strong> dari file rar yang sudah extract tadi, setelah itu buatlah database dengan nama terserah anda kemudian salin kode sql berikut dan jalankan di sql.\r\n			[pre]\r\n			DROP TABLE IF EXISTS `users`;\r\n			CREATE TABLE `users` (\r\n			  `id` int(11) NOT NULL AUTO_INCREMENT,\r\n			  `nama` varchar(50) DEFAULT NULL,\r\n			  `alamat` text,\r\n			  PRIMARY KEY (`id`)\r\n			) ENGINE=InnoDB AUTO_INCREMENT=20 DEFAULT CHARSET=latin1;\r\n\r\n			-- ----------------------------\r\n			-- Records of users\r\n			-- ----------------------------\r\n			INSERT INTO `users` VALUES (\'1\', \'Rohmat\', \'Jlan. Pantura ciasem tengah\');\r\n			INSERT INTO `users` VALUES (\'2\', \'Mimin\', \'Jlan. Krajan timur\');\r\n			INSERT INTO `users` VALUES (\'3\', \'Maman\', \'Jlan. Krajan  barat\');\r\n			INSERT INTO `users` VALUES (\'4\', \'Roni\', \'Jlan. Mekar sari indah \');\r\n			INSERT INTO `users` VALUES (\'5\', \'Rachmat Hidayat\', \'Jlan. Garuda 1\');\r\n			INSERT INTO `users` VALUES (\'6\', \'Terzo\', \'Jlan. Garuda 2\');\r\n			INSERT INTO `users` VALUES (\'7\', \'carlos\', \'Jlan. Garuda 3\');\r\n			INSERT INTO `users` VALUES (\'8\', \'Dwi Susanti Mustari\', \'Jlan. Garuda 4\');\r\n			INSERT INTO `users` VALUES (\'9\', \'Desmond Satria Andrian\', \'Jlan. Garuda 5\');\r\n			INSERT INTO `users` VALUES (\'10\', \'Ka Ar\', \'Jlan. Garuda 6\');\r\n			INSERT INTO `users` VALUES (\'11\', \'Ka Keke\', \'Jlan. Garuda 7\');\r\n			INSERT INTO `users` VALUES (\'12\', \'Ka Deri\', \'Jlan. Garuda 8\');\r\n			INSERT INTO `users` VALUES (\'13\', \'Ka Rendy\', \'Jlan. Garuda 9\');\r\n			INSERT INTO `users` VALUES (\'14\', \'Ka Yanti\', \'Jlan. Garuda 10\');\r\n			INSERT INTO `users` VALUES (\'15\', \'Ka Nury\', \'Jlan. Garuda 11\');\r\n			INSERT INTO `users` VALUES (\'16\', \'Salma\', \'Jlan. Garuda 12\');\r\n			INSERT INTO `users` VALUES (\'17\', \'Terryn\', \'Jlan. Garuda 13\');\r\n			INSERT INTO `users` VALUES (\'18\', \'Hafiz\', \'Jlan. Garuda 14\');\r\n			INSERT INTO `users` VALUES (\'19\', \'Felicia\', \'Jlan. Garuda 15\');\r\n			[/pre]\r\n		</p>\r\n		<p>\r\n			kemudian buat koneksi ke database dangan menggunakan php, silahkan salin kode berikut dan simpan file didalam projek yang sudah anda buat tadi dengan dengan nama koneksi.php\r\n			[pre]\r\n			  &lt;?php\r\n			  $host = \'localhost\';\r\n			  $user = \'root\';\r\n			  $pass = \'\';\r\n			  $db = \'phpexcel\';\r\n\r\n			  $conn = mysql_connect($host, $user, $pass);\r\n			  mysql_select_db($db, $conn);\r\n			[/pre]\r\n		</p>\r\n		<p>\r\n			ganti <strong>user</strong>, <strong>pass</strong>, dan <strong>db</strong> sesuai dengan user, password dan db anda.setelah itu salin kode dibawah ini dan simpan file didalam projek yang sudah anda buat dengan nama index.php\r\n			[pre]\r\n			&lt;?php\r\n			  // memanggil koneksi\r\n			  require_once __DIR__.\'/koneksi.php\';\r\n			?>\r\n			&lt;!DOCTYPE html>\r\n			&lt;html>\r\n			&lt;head>\r\n			&lt;title>EXPORT TABLE KE EXCEL DENGAN PHPEXCEL&lt;/title>\r\n			&lt;/head>\r\n			&lt;body>\r\n			&lt;a href=\"proses.php\" target=\"_new\">download file excel&lt;/a>\r\n			&lt;table border=\"1\">\r\n			  &lt;thead>\r\n				&lt;tr>\r\n				  &lt;th>NAMA&lt;/th>\r\n				  &lt;th>ALAMAT&lt;/th>\r\n				&lt;/tr>\r\n			  &lt;/thead>\r\n			  &lt;tbody>\r\n				&lt;?php\r\n				  // menampilkan data users\r\n				  $sql = \'SELECT * FROM users\';\r\n				  $rs = mysql_query($sql) or die ($sql);\r\n\r\n				  while ($row = mysql_fetch_array($rs)) {\r\n					$nama = $row[\'nama\'];\r\n					$alamat = $row[\'alamat\'];\r\n				?>\r\n				&lt;tr>\r\n				  &lt;td>&lt;?php echo $nama; ?>&lt;/td>\r\n				  &lt;td>&lt;?php echo $alamat; ?>&lt;/td>\r\n				&lt;/tr>\r\n				&lt;?php } ?>\r\n			  &lt;/tbody>\r\n			&lt;/table>\r\n			&lt;/body>\r\n			&lt;/html>\r\n			[/pre]\r\n		</p>\r\n		<p>\r\n			dan yang terakhir adalah buat file untuk proses export datanya ke excel silahkan salin kode berikut dan simpan file di dalam projek yang sudah anda buat dengan nama proses.php\r\n			[pre]\r\n			&lt;?php\r\n			  // memanggil koneksi\r\n			  require_once __DIR__.\'/koneksi.php\';\r\n\r\n			  // memanggil class PHPExcel\r\n			  require_once __DIR__.\'/Classes/PHPExcel.php\';\r\n\r\n			  // object excel\r\n			  $excel = new PHPExcel();\r\n			  $excel->setActiveSheetIndex(0);\r\n			  $sheet = $excel->getActiveSheet()->setTitle(\'data\');\r\n\r\n			  // set title kolom\r\n			  $sheet->setCellValue(\'A1\', \'NAMA\');\r\n			  $sheet->setCellValue(\'B1\', \'ALAMAT\');\r\n\r\n			  // menampilkan data users\r\n			  $sql = \'SELECT * FROM users\';\r\n			  $rs = mysql_query($sql) or die ($sql);\r\n\r\n			  $i = 2;\r\n			  while ($row = mysql_fetch_array($rs)) {\r\n				$nama = $row[\'nama\'];\r\n				$alamat = $row[\'alamat\'];\r\n\r\n				// buat baris dam kolom pada excel\r\n				// isi kolom A\r\n				$sheet->setCellValue(\'A\'.$i, $nama);\r\n\r\n				// isi kolom B\r\n				$sheet->setCellValue(\'B\'.$i, $alamat);\r\n\r\n				$i++;\r\n			  }\r\n\r\n			  header(\'Content-Type: application/vnd.openxmlformats-officedocument.spreadsheetml.sheet\');\r\n			  header(\'Content-Disposition: attachment;filename=\"users.xlsx\"\');\r\n			  $data = PHPExcel_IOFactory::createWriter($excel, \'Excel2007\');\r\n			  $data->save(\'php://output\');\r\n			  exit;\r\n			[/pre]\r\n		</p>\r\n		<p>\r\n			dan sekarang coba jalankan projek yang sudah anda buat, anda akan mendapatkan tampilan seperti ini\r\n			[br/]\r\n			<img src=\"http://localhost/me/dropbox/bahroni_blog/imgss/export_phpexcel_1.jpg\" class=\"img-responsive\"/>\r\n		</p>\r\n		<p>\r\n			setelah itu klik <strong>download file excel</strong>, jika berhasil anda akan mendapatkan file excel dengan isi berdasarkan table\r\n		</p>\r\n		<p>\r\n			<img src=\"http://localhost/me/dropbox/bahroni_blog/imgss/import_phpexcel_1.jpg\" class=\"img-responsive\"/>\r\n		</p>\r\n		<p>\r\n			Ok. sampai di sini dulu tutorial kali ini, selamat mencoba dan semoga bisa bermanfaat.\r\n		</p>\r\n		<p>\r\n			Sumber : <a href=\"https://cahbiyen.blogspot.com/2015/12/export-table-to-excel.html\">https://cahbiyen.blogspot.com/2015/12/export-table-to-excel.html</a>\r\n		</p>'),
(12, 1, NULL, 'Cara Upload File Dengan PHP Dan MySQL', NULL, 'Cara-Upload-File-Dengan-PHP-Dan-MySQL', '', 1, '2020-11-18 09:30:27', '2021-07-27 11:00:20', NULL, '<p>\r\n    <strong>Membuat Upload File Dengan PHP Dan MySQL</strong> - Upload file adalah salah satu yang terpenting didalam <strong>membuat aplikasi</strong>. khususnya <strong>aplikasi berbasis web</strong>. karena terkadang kita di haruskan <strong>membuat upload file</strong>, bisa itu fitur <strong>upload file laporan</strong>, atau <strong>mungkin upload file gambar</strong> seperti pada <a href=\"#\">facebook</a> contohnya di facebook terdapat fitur untuk mengupload gambar untuk dijadikan foto profil dan <strong>contoh apliksi</strong> lain yang harus ada <strong>fitur upload file</strong>nya adalah <strong>aplikasi manajemen arsip</strong> contoh nya <strong>manajemen arsip kantor.</strong> dimana data-data pdf atau document lainnya bisa di upload untuk di arsipkan.\r\n    </p>\r\n    <p>\r\n    Pada tutorial kali ini saya akan share tutorial cara <strong>Membuat Upload File Denggan PHP Dan MySQL</strong> dan menyimpan data gambar nya kedalam database. di tutorial ini kita akan belajar tentang cara membuat upload file dengan php. dan kemudian nama dari file tersebut akan kita simpan pada database.\r\n    </p>\r\n    <p>\r\n    <h3>Persiapan Membuat Upload File Dengan PHP</h3>\r\n    Untuk persiapannya. apa-apa saja yang harus teman-teman buat adalah sebagai berikut.\r\n    buat lah\r\n    <ul>\r\n        <li>index.php</li>\r\n        <li>aksi.php</li>\r\n        <li>koneksi.php</li>\r\n        <li>folder bernama file</li>\r\n    </ul>\r\n    <img src=\"[base_url]imgss/membuat-upload-file-dengan-php-dan-mysql_1.png\" class=\"img-responsive\"/>\r\n    </p>\r\n    <p>\r\n    Akan saya jelaskan sedikit kegunaan-kegunaan dari file-file yang telah di buat di atas pada file index.php kita akan <strong>membuat form upload file</strong> gambar nya pada file aksi.php kita akan membuat pemproses dari form upload file. jadi file yang di upload dari index.php akan di proses di file aksi.php. kemudian pada file koneksi.php kita akan membuat koneksi database php dan mysql. baca tutorial sebelumnya di www. malasngoding.com tentang <a href=\"https://www.malasngoding.com/cara-membuat-koneksi-php-dengan-database-mysql/\">cara membuat koneksi php dengan database mysql</a>. lalu yang terakhir folder yang bernama file kita gunakan sebagai folder yang menyimpan file gambar yang di upload jadi file gambar yang di upload akan tersimpan ke folder file ini.\r\n    </p>\r\n    <p>\r\n    <h3>Membuat Upload File Dengan PHP Dan MySQL</h3>\r\n    Langsung saja kita mulai buatlah koneksi database nya dulu\r\n    </p>\r\n    <p>\r\n    [em]koneksi.php[/em]\r\n    [pre]\r\n    &lt;?php \r\n    mysql_connect(\"localhost\",\"root\",\"xxx\");\r\n    mysql_select_db(\"malasngoding\");\r\n    ?>\r\n    [/pre]\r\n    </p>\r\n    <p>\r\n    silahkan teman-teman sesuaikan password dan yang lainnya disini kita menggunakan database dengan nama \"malasngoding\". jadi silahkan teman-teman buat database dengan nama malasngoding lalu buat table dengan nama upload atau biar lebih cepat nya silahkan teman-teman import saja file sql berikut ini.\r\n    [pre]\r\n    -- phpMyAdmin SQL Dump\r\n    -- version 3.5.2.2\r\n    -- http://www.phpmyadmin.net\r\n    --\r\n    -- Host: 127.0.0.1\r\n    -- Generation Time: Feb 27, 2016 at 06:34 AM\r\n    -- Server version: 5.5.27\r\n    -- PHP Version: 5.4.7\r\n    \r\n    SET SQL_MODE=\"NO_AUTO_VALUE_ON_ZERO\";\r\n    SET time_zone = \"+00:00\";\r\n    \r\n    \r\n    /*!40101 SET @OLD_CHARACTER_SET_CLIENT=@@CHARACTER_SET_CLIENT */;\r\n    /*!40101 SET @OLD_CHARACTER_SET_RESULTS=@@CHARACTER_SET_RESULTS */;\r\n    /*!40101 SET @OLD_COLLATION_CONNECTION=@@COLLATION_CONNECTION */;\r\n    /*!40101 SET NAMES utf8 */;\r\n    \r\n    --\r\n    -- Database: `malasngoding`\r\n    --\r\n    \r\n    -- --------------------------------------------------------\r\n    \r\n    --\r\n    -- Table structure for table `upload`\r\n    --\r\n    \r\n    CREATE TABLE IF NOT EXISTS `upload` (\r\n      `id_file` int(11) NOT NULL AUTO_INCREMENT,\r\n      `nama_file` varchar(100) NOT NULL,\r\n      PRIMARY KEY (`id_file`)\r\n    ) ENGINE=InnoDB  DEFAULT CHARSET=latin1 AUTO_INCREMENT=7 ;\r\n    \r\n    /*!40101 SET CHARACTER_SET_CLIENT=@OLD_CHARACTER_SET_CLIENT */;\r\n    /*!40101 SET CHARACTER_SET_RESULTS=@OLD_CHARACTER_SET_RESULTS */;\r\n    /*!40101 SET COLLATION_CONNECTION=@OLD_COLLATION_CONNECTION */;\r\n    [/pre]\r\n    </p>\r\n    <p>\r\n    selanjutnya ketikan perintah berikut pada file index.php karena kita akan membuat form upload file di file index.php ini.\r\n    [br/][em]index.php[/em]\r\n    [pre]\r\n    &lt;!DOCTYPE html>\r\n    &lt;html>\r\n    &lt;head>\r\n        &lt;title>Membuat Upload File Dengan PHP Dan MySQL | www.malasngoding.com&lt;/title>\r\n    &lt;/head>\r\n    &lt;body>\r\n        &lt;h1>Membuat Upload File Dengan PHP Dan MySQL &lt;br/> www.malasngoding.com&lt;/h1>\r\n        &lt;form action=\"aksi.php\" method=\"post\" enctype=\"multipart/form-data\">\r\n            &lt;input type=\"file\" name=\"file\">\r\n            &lt;input type=\"submit\" name=\"upload\" value=\"Upload\">\r\n        &lt;/form>\r\n    &lt;/body>\r\n    &lt;/html>\r\n    [/pre]\r\n    </p>\r\n    <p>\r\n    ada perbedaan di sini di form upload file dengan form biasa yang telah kita bahas sebelumnya baca : <a href=\"https://www.malasngoding.com/belajar-html-membuat-form-pada-html/\">Belajar HTML Part 11 : Membuat Form pada HTML</a>. perhatikan pada element form di atas\r\n    [pre]\r\n    &lt;form action=\"aksi.php\" method=\"post\" enctype=\"multipart/form-data\">\r\n    [/pre]\r\n    </p>\r\n    <p>\r\n    jadi gunakan <strong>atribut enctype</strong> ini untuk membuat upload file lalu kemudian di file aksi.php nya\r\n    [br/][em]aksi.php[/em]\r\n    [pre]\r\n    &lt;!DOCTYPE html>\r\n    &lt;html>\r\n        &lt;head>\r\n            &lt;title>Membuat Upload File Dengan PHP Dan MySQL | www.malasngoding.com&lt;/title>\r\n        &lt;/head>\r\n        &lt;body>\r\n        &lt;h1>Membuat Upload File Dengan PHP Dan MySQL &lt;br/> www.malasngoding.com&lt;/h1>\r\n            &lt;?php \r\n            include \'koneksi.php\';\r\n            if($_POST[\'upload\']){\r\n                $ekstensi_diperbolehkan	= array(\'png\',\'jpg\');\r\n                $nama = $_FILES[\'file\'][\'name\'];\r\n                $x = explode(\'.\', $nama);\r\n                $ekstensi = strtolower(end($x));\r\n                $ukuran	= $_FILES[\'file\'][\'size\'];\r\n                $file_tmp = $_FILES[\'file\'][\'tmp_name\'];	\r\n    \r\n                if(in_array($ekstensi, $ekstensi_diperbolehkan) === true){\r\n                    if($ukuran &lt; 1044070){			\r\n                        move_uploaded_file($file_tmp, \'file/\'.$nama);\r\n                        $query = mysql_query(\"INSERT INTO upload VALUES(NULL, \'$nama\')\");\r\n                        if($query){\r\n                            echo \'FILE BERHASIL DI UPLOAD\';\r\n                        }else{\r\n                            echo \'GAGAL MENGUPLOAD GAMBAR\';\r\n                        }\r\n                    }else{\r\n                        echo \'UKURAN FILE TERLALU BESAR\';\r\n                    }\r\n                }else{\r\n                    echo \'EKSTENSI FILE YANG DI UPLOAD TIDAK DI PERBOLEHKAN\';\r\n                }\r\n            }\r\n            ?>\r\n    \r\n            &lt;br/>\r\n            &lt;br/>\r\n            &lt;a href=\"index.php\">Upload Lagi&lt;/a>\r\n            &lt;br/>\r\n            &lt;br/>\r\n    \r\n            &lt;table>\r\n                &lt;?php \r\n                $data = mysql_query(\"select * from upload\");\r\n                while($d = mysql_fetch_array($data)){\r\n                ?>\r\n                &lt;tr>\r\n                    &lt;td>\r\n                        &lt;img src=\"&lt;?php echo \"file/\".$d[\'nama_file\']; ?>\">\r\n                    &lt;/td>		\r\n                &lt;/tr>\r\n                &lt;?php } ?>\r\n            &lt;/table>\r\n        &lt;/body>\r\n    &lt;/html>\r\n    [/pre]\r\n    </p>\r\n    <p>\r\n    saya jelaskan sedikit proses uploadnya. perhatikan pada file aksi.php di atas.\r\n    [pre]\r\n    &lt;?php \r\n    include \'koneksi.php\';\r\n       if($_POST[\'upload\']){\r\n        $ekstensi_diperbolehkan	= array(\'png\',\'jpg\');\r\n        $nama = $_FILES[\'file\'][\'name\'];\r\n        $x = explode(\'.\', $nama);\r\n        $ekstensi = strtolower(end($x));\r\n        $ukuran	= $_FILES[\'file\'][\'size\'];\r\n        $file_tmp = $_FILES[\'file\'][\'tmp_name\'];	\r\n            if(in_array($ekstensi, $ekstensi_diperbolehkan) === true){\r\n                if($ukuran &lt; 1044070){			\r\n                move_uploaded_file($file_tmp, \'file/\'.$nama);\r\n                $query = mysql_query(\"INSERT INTO upload VALUES(NULL, \'$nama\')\");\r\n                if($query){\r\n                    echo \'FILE BERHASIL DI UPLOAD\';\r\n                }else{\r\n                    echo \'GAGAL MENGUPLOAD GAMBAR\';\r\n                }\r\n                }else{\r\n                echo \'UKURAN FILE TERLALU BESAR\';\r\n                }\r\n               }else{\r\n            echo \'EKSTENSI FILE YANG DI UPLOAD TIDAK DI PERBOLEHKAN\';\r\n               }\r\n        }\r\n    ?>\r\n    [/pre]\r\n    </p>\r\n    <p>\r\n    pertama karena kita menggunakan database maka hubungkan dengan file koneksi.php agar php terhubung dengan database mysql.\r\n    [pre]\r\n    include \'koneksi.php\';\r\n    [/pre]\r\n    </p>\r\n    <p>\r\n    dan memasukkan detail dari data yang di upload ke masing-masing variebal\r\n    [pre]\r\n    $ekstensi_diperbolehkan	= array(\'png\',\'jpg\');\r\n    $nama = $_FILES[\'file\'][\'name\'];\r\n    $x = explode(\'.\', $nama);\r\n    $ekstensi = strtolower(end($x));\r\n    $ukuran	= $_FILES[\'file\'][\'size\'];\r\n    $file_tmp = $_FILES[\'file\'][\'tmp_name\'];s\r\n    [/pre]\r\n    </p>\r\n    <p>\r\n    pada variabel $ekstensi_diperbolehkan saya memberikan nama-nama ekstensi file yang i perbolehkan untuk di upload. ini berguna untuk keamanan jadi user nantinya tidak bisa mengupload sembarangan file karena alasan keamanan jadi di sini kita hanya memperbolehkan untuk mengupload  file gambar saja. yang berekstensi png dn jpg. teman-teman bisa menyesuaikan nya lagi nanti. karena disini saya hanya membuat contoh dan penjelasannya saja tentang <strong>cara membuat upload file gambar dengan php dan mysql</strong>\r\n    [pre]\r\n    $ekstensi_diperbolehkan	= array(\'png\',\'jpg\');\r\n    [/pre]\r\n    </p>\r\n    <p>\r\n    <h3>Proses Upload File Gambar</h3>\r\n    Dan yang paling terpenting di sini adalah di bagian ini\r\n    [pre]\r\n    if(in_array($ekstensi, $ekstensi_diperbolehkan) === true){\r\n        if($ukuran &lt; 1044070){			\r\n        move_uploaded_file($file_tmp, \'file/\'.$nama);\r\n        $query = mysql_query(\"INSERT INTO upload VALUES(NULL, \'$nama\')\");\r\n        if($query){\r\n            echo \'FILE BERHASIL DI UPLOAD\';\r\n        }else{\r\n            echo \'GAGAL MENGUPLOAD GAMBAR\';\r\n        }\r\n         }else{\r\n        echo \'UKURAN FILE TERLALU BESAR\';\r\n         }\r\n    }else{\r\n        echo \'EKSTENSI FILE YANG DI UPLOAD TIDAK DI PERBOLEHKAN\';\r\n    }\r\n    [/pre]\r\n    </p>\r\n    <p>\r\n    din sini kita memeriksa ekstensi file yang di upload dengan mengecek apakah ekstensi file yang di upload sesuai dengan nama ekstensi yang telah kita tetapkan di variabel array $ekstensi_diperbolehkan tadi jika tidak maka tidak akan di upload dan di tampilka pesan bahwa ekstensi file yang di upload tidak di perbolehkan.\r\n    </p>\r\n    <p>\r\n    Baca juga\r\n    <ul>\r\n        <li><a href=\"https://www.malasngoding.com/menambah-dan-menghapus-class-dengan-jquery/\">Belajar jQuery Part 11 : Manipulasi Class Dengan jQuery</a></li>\r\n        <li><a href=\"https://www.malasngoding.com/mengenal-grid-system-bootstrap/\">Bootstrap Part 16 : Mengenal Grid System Bootstrap</a></li>\r\n    </ul>\r\n    lalu memeriksa ukuran file yang di upload kita tetapkan maksimalnya sebesar 1 mb jadi disini <a href=\"https://www.malasngoding.com/belajar-php-kondisi-if-else-pada-php/\">percabangan if else PHP</a> juga sangat berpengaruh ya teman-teman.\r\n    [pre]\r\n    if($ukuran < 1044070){\r\n    [/pre]\r\n    </p>\r\n    <p>\r\n    jika file yang di upload lebih besar dari 1 mb maka akan di tampilkan pesan \"ukuran file terlalu besar\". jika ukuran file nya sesuai maka <strong>proses upload</strong> akan dilanjutkan lagi\r\n    [pre]\r\n    move_uploaded_file($file_tmp, \'file/\'.$nama);\r\n    $query = mysql_query(\"INSERT INTO upload VALUES(NULL, \'$nama\')\");\r\n    if($query){\r\n        echo \'FILE BERHASIL DI UPLOAD\';\r\n    }else{\r\n        echo \'GAGAL MENGUPLOAD GAMBAR\';\r\n    }\r\n    [/pre]\r\n    </p>\r\n    <p>\r\n    di sini lah inti <strong>upload file dengan php dan mysql</strong> nya fungsi atau function move_uploaded_file() berfungsi untuk mengupload atau dengan kata lain dengan fungsi inilah yang bertugas untuk memindahkan file yang di upload tadi dari temporary file menuju ke folder file dan memberikan nama file nya sesuai yang kita tentukan.\r\n    [pre]\r\n    move_uploaded_file($file_tmp, \'file/\'.$nama);\r\n    [/pre]\r\n    </p>\r\n    <p>\r\n    jadi disini teman-teman bis menentukan tujuan file upload-nya kemana. maksudnya disimpan kemana file yang di upload.. karena di sini kita telah menyediakan folder \"file\" untuk menyimpan gambar nya maka kita tujukan ke folder file.\r\n    [br/]\r\n    dan terakhir kita <strong>insert data nama file yang di upload ke database</strong> tutorial cara input/insert data ke database sudah saya bahas sebelumnya di malasngoding.com baca <a href=\"https://www.malasngoding.com/membuat-crud-dengan-php-dan-mysql-input-data/\">Membuat CURD Dengan PHP dan MySQL - Input Data</a>\r\n    [pre]\r\n    $query = mysql_query(\"INSERT INTO upload VALUES(NULL, \'$nama\')\");\r\n    [/pre]\r\n    </p>\r\n    <p>\r\n    oke akan kita jalankan langsung\r\n    <img src=\"[base_url]imgss/membuat-upload-file-dengan-php-dan-mysql_2.png\" class=\"img-responsive\"/>\r\n    </p>\r\n    <p>\r\n    Lalu klik upload\r\n    <img src=\"[base_url]imgss/membuat-upload-file-dengan-php-dan-mysql_3.png\" class=\"img-responsive\"/>\r\n    </p>\r\n    <p>\r\n    Oke selesai teman-teman sekian dulu tutorial <strong>Membuat Upload File Dengan PHP Dan MySQL</strong> selan saya akan membuatkan tutorial <strong>cara membuat aplikasi galery foto dengan php dan mysql</strong> stay terus di www.malasngoding.com untuk mendapatkan update tutorial-tutorial php terbaru dan free source code aplikasi php dan mysql\r\n    </p>'),
(13, 1, NULL, 'Whatsapp Marketing Online #2', NULL, 'Whatsapp-Marketing-Online-2', '', 0, '2021-06-22 10:57:16', '2021-08-04 05:16:17', NULL, '<p><strong>Kedua: Berburu No WA Baru.</strong></p>\r\n\r\n<p>Jika Anda sudah selesai dengan cara pertama, kita bisa lanjut berburu no WA baru, orang-orang yang selama ini belum kita kenal, kemudian jadi kenalan baru.</p>\r\n\r\n<p>Bagaimana caranya? Kita bisa melakukannya baik secara offline maupun online.</p>\r\n\r\n<p>Untuk cara offline, pastikan kita ada cara selalu ketemu orang baru. Mulai dari lingkungan sekitar. Rajin-rajin bertemu orang, hadiri acara-cara RT atau RW, kerja bakti, rapat, dan sebagainya. Gunakan kesempatan itu untuk tukar nomor WA.</p>\r\n\r\n<p>Kemudian perluas silaturahmi. Misalnya mengikuti seminar, pameran, perkmpulan, asosiasi, dan sebagainya. Disana, akan banyak ketemu orang. Maka gunakan kesempatan itu untuk tukar nomor WA.</p>\r\n\r\n<p>Cara online tentu saja banyak sekali caranya. Kuncinya sama, kenalan, kemudian saling save no WA.</p>\r\n\r\n<p>Cara favorit saya: <strong><strong>jualan produk HNI</strong></strong>. Menyebar materi promosi baik video, gambar, tulisan, dan selalu menyertakan no WA untuk pemesanan. Terlepas orang itu membeli atau tidak, kita bisa saling save nomor WA. Dan ini sangat tertarget.</p>\r\n\r\n<p><strong><strong>Tawarkan informasi rahasia, bermanfaat, dan bikin penasaran.</strong></strong>&nbsp;Bisa berupa ebook (pdf) atau tulisan biasa. Tawarkan di social media dan cantumkan no WA bagi yang berminat.</p>\r\n\r\n<p>Contoh: &ldquo;Ternyata menurunkan berat badan itu enak, hanya dengan minum teh saja bisa. Yang mau infonya, boleh hubungi WA saya xxxx xxxx xxxx.&rdquo;</p>\r\n\r\n<p>Ini disebut pancingan/umpan, dalam bahasa inggris disebut bait. Jika bait kita tidak ampuh, ganti lagi dengan bait lain dan seterusnya.</p>\r\n\r\n<p>Anda bisa membuat group yang menarik dan bermanfaat, kemudian promosikan group Anda di social media.</p>\r\n\r\n<p>Selalu cantumkan no WA Anda dalam aktivitas online Anda. Saat Anda ngeblog, main youtube, Facebookan, di instagram, di twitter, tiktok, dan sebagainya.</p>\r\n\r\n<hr />\r\n<p><strong>Akrabkan Diri Dengan Kontak WA</strong></p>\r\n\r\n<p>Bolehkah langsung jualan dengan kontak WA kita?</p>\r\n\r\n<p>Kita tidak bisa menyamaratakan orang. Mungkin ada sebagian kecil orang yang tidak masalah dijuali. Tetapi sebagian besar orang tidak suka dijuali, apalagi oleh orang yang tidak dikenalnya.</p>\r\n\r\n<p>Jadi kenalan dulu. Akrabkan diri. Jika sudah kenal dan akrab, akan lebih mudah berjualan dengan kita. Dan tidak perlu lama, jika tahu triknya, maka kita akan mudah menjadi akrab.</p>\r\n\r\n<p>Kuncinya cari kesamaan, berikan dukungan, dan orang itu suka dipuji.</p>\r\n\r\n<p>Cari kesamaan apa pun. Kesamaan asal daerah, kesamaan profesi, kesamaan pandangan, kesamaan peran, kesamaan masalah, dan sebagainya. Bicarakan saja itu. Dan hindari membahas perbedaan.</p>\r\n\r\n<p>Anda juga bisa memberikan dukungan dalam berpendapat. Misalnya di group, dia mengemukakan pendapat. Beri dukungan. Bahkan saat kita tidak setuju. Cari niat baiknya, kita setujui saja niat baiknya. Juga berikan dukungan moril, semangat, dan informasi jika dia sedang mengalami masalah.</p>\r\n\r\n<p>Orang itu pada dasarnya suka dipuji. Tapi hati-hati, jangan terkesan menjilat. Berikan saja pujian tidak berlebihan atau pujian biasa. Pujian standar juga tidak masalah. Misalnya kalau menampilkan anaknya yang perempuan, bisa saja kita memujinya dengan mengatakan: &ldquo;Wah, cantiknya. Umur berapa tahun?&rdquo;.</p>\r\n\r\n<p>Jika kita benar dalam memulai keakraban, dalam 1 kali chatting pun bisa mulai akrab.</p>\r\n\r\n<p>Bagaimana jika orang susah diajak akrab? Abaikan saja. Cari yang lain.</p>\r\n\r\n<hr />\r\n<p><strong>Selalu Minta Izin</strong></p>\r\n\r\n<p>Islam itu sangat memperhatikan sopan santun. Sebagai contoh, mau masuk rumah orang lain, kita harus ada izin dari penghuninya, seperti dijelaskan dalam QS. An-Nur Ayat 27:</p>\r\n\r\n<p><em>Janganlah kamu memasuki rumah yang bukan rumahmu sebelum meminta izin dan memberi salam kepada penghuninya. Yang demikian itu lebih baik bagimu, agar kamu (selalu) ingat.</em></p>\r\n\r\n<p>Sopan santun adalah akhlaq Muslim, maka perlu diterapkan juga dalam pemasaran. Termasuk saat kita mau menawarkan sesuatu.</p>\r\n\r\n<p>Bagaimana cara minta izin? Biasa saja, seperti sehari-hari kita offline. Misalnya kita mau masuk rumah orang.</p>\r\n\r\n<p>&ldquo;Bolehkah saya masuk?&rdquo;</p>\r\n\r\n<p>Kebanyakan orang Indonesia biasanya membolehkan saja bahkan tanpa minta izin pun, kita sudah disuruh masuk. Orang Indonesia dikenal dengan keramahannya jika offline. Sayangnya saat online malah kurang.</p>\r\n\r\n<p>Untuk menawarkan sesuatu secara online kita baiknya minta izin, agar lebih enak. Jika diizinkan, maka kita berikan penjelasan. Jika tidak, ngobrol lagi yang lain.</p>\r\n\r\n<p>Contoh:</p>\r\n\r\n<p>&ldquo;Mbak, saya punya produk bagus untuk putri mbak yang cantik. Boleh saya jelaskan mbak?&rdquo;</p>\r\n\r\n<p>&ldquo;Oh apa itu sist?&rdquo; (kalau bertanya gini, artinya boleh)</p>\r\n\r\n<p>&ldquo;Saya punya diapers. Ini beda dengan diapers biasa.&rdquo; (gunakan trik memunculkan penasaran)</p>\r\n\r\n<p>&ldquo;Bedanya apa?&rdquo; (sudah terbuka untuk penjelasan)</p>\r\n\r\n<p>Maka Anda bisa menjelaskan tanpa ragu dan nyaman.</p>\r\n\r\n<p>Memang, ada berbagai tempat dimana kita tidak harus izin promosi. Misalnya di marketplace, group khusus iklan, iklan social media, dan sebagainya. Namun yang bersifat pribadi atau peruntukannya bukan untuk jualan, sebaiknya minta izin dulu.</p>\r\n\r\n<hr />\r\n<p><strong>Memanfaatkan Status WA</strong></p>\r\n\r\n<p>Status WA bisa menjadi alat yang ampuh untuk berjualan produk HNI atau mengajak orang bergabung HNI. Status WA itu sama dengan story dan story adalah cerita. Maka manfaatkan untuk cerita.</p>\r\n\r\n<p>Status WA bisa berupa tulisan, gambar, dan video pendek (maks 30 detik). Cukupkah 30 detik? Cukup, kebanyakan iklan di TV itu kurang dari 30 detik.</p>\r\n\r\n<p>Status di WA sama dengan iklan, tujuannya macam-macam. Ada iklan yang disebut direct respons (kita mengharapkan respon langsung). Atau untuk membangun branding saja. Fokusnya kontak WA mengetahui siapa kita. Ini tidak direct. Iklan di TV kebanyakan tidak direct.</p>\r\n\r\n<p>Atau bisa juga gabungan keduanya.</p>\r\n\r\n<p>Akan lebih baik jika ditambahkan status yang bermanfaat atau menghibur, agar mereka menantikan status kita terus.</p>\r\n\r\n<p>Artinya kita bisa merencanakan status kita:</p>\r\n\r\n<p>Menjual langsung</p>\r\n\r\n<p>Membangun branding</p>\r\n\r\n<p>Konten yang menarik</p>\r\n\r\n<p>Pastikan 3 konten ini ada setiap harinya.</p>\r\n\r\n<p>Cara menjual langsung bisa hanya dengan 1 status, atau bisa juga dengan beberapa status secara bertahap. Kadang 1 status tidak cukup, karena ruang yang sempit dan tayangnya sebentar. Maka banyak yang menggunakan strategi banyak status.</p>\r\n\r\n<p>Kita bisa menggunakan pola AIDA. Contoh:</p>\r\n\r\n<p><strong><strong>Status 1: Attention</strong></strong>: tujuannya menarik perhatian: caranya dengan menampilkan sesuatu yang tidak biasa atau mengejutkan. Contoh: Turun 5 kg Hanya Minum Teh Doank?</p>\r\n\r\n<p><strong><strong>Status 2: Interest</strong></strong>: tujuannya menarik ketertarikan. Caranya dengan menunjukan bahwa status ini cocok dengan dia, menyebutkan masalah yang bisa diatasi atau manfaat yang dia dapatkan.</p>\r\n\r\n<p><strong><strong>Status 3: Desire</strong></strong>&nbsp;: tujuannya untuk memunculkan keinginan. Caranya dengan memunculkan harapan atau bisa menghindari ketakutan tertentu. Buat seemosional mungkin.</p>\r\n\r\n<p><strong><strong>Status 4: Action</strong></strong>&nbsp;: tujuannya untuk memunculkan tindakan. Caranya memunculkan Call To Action (perintah bertindak). Misalnya: hubungi saya, silahkan japri, dan sebagainya.</p>\r\n\r\n<p>Atau pola copywriting lainnya. Tapi AIDA juga sudah cukup dan ampuh jika benar menerapkannya.</p>\r\n\r\n<p>Bisa saja dalam satu tahap AIDA terdiri dari beberapa status. Misalnya saat menjelaskan benefit, mungkin saja menggunakan beberapa status. Tidak masalah, atur saja selama orang interest melihatnya.</p>\r\n\r\n<p>Kebanyakan orang yang saya coba perhatikan, membuat status WA itu random, ngacak. Boleh-boleh saja, tapi sekarang bisa coba lebih terstruktur:</p>\r\n\r\n<p>Misalnya:</p>\r\n\r\n<p>Hiburan</p>\r\n\r\n<p>Edukasi</p>\r\n\r\n<p>Keseharian</p>\r\n\r\n<p>AIDA</p>\r\n\r\n<p>Hiburan</p>\r\n\r\n<p>Edukasi</p>\r\n\r\n<p>Keseharian</p>\r\n\r\n<p>Untuk hiburan dan edukasi, tidak harus buat sendiri. Jika punya kemauan, kita bisa mencarinya di internet. Banyak.</p>\r\n\r\n<p>Untuk keseharian, ini mudah, silahkan tuliskan, buat foto, atau rekaman (bisa live) tentang keseharian Anda.</p>\r\n\r\n<p>Tugas Anda sebenarnya hanya untuk jualan: menerapkan AIDA. Jika belum bisa AIDA, sambil belajar, posting saja materi promosi yang ada.</p>\r\n\r\n<p>Coba perhatikan, berapa banyak yang lihat status kita. Jika masih puluhan, saran saya, gencarkan menambah kontak dulu. Usahakan bisa ratusan hingga ribuan yang melihat status kita.</p>\r\n\r\n<hr />\r\n<p><strong>roadcast Kontak WA</strong></p>\r\n\r\n<p>Broadcast itu sederhanya mengirim pesan ke banyak orang sekaligus. Di WA, maksimal 256 orang sekaligus. Kita buat dulu daftar broadcast sampai 256 orang, kemudian kirim pesan, maka pesan kita sampai ke 256 orang seketika.</p>\r\n\r\n<p>Bolehkah?</p>\r\n\r\n<p>Atau ini bagus?</p>\r\n\r\n<p>Jawabannya, boleh dan bagus. Jika tahu cara yang benar.</p>\r\n\r\n<p><strong><strong>Resiko</strong></strong>: jika kita broadcast ke banyak orang yang belum kenal dan belum akrab, maka kita rawan kena lapor. Jika banyak yang lapor, maka kita bisa kena ban atau tidak lagi bisa menggunakan WA untuk nomor tersebut.</p>\r\n\r\n<p>Solusinya, jangan sembarang mengirim broadcast.</p>\r\n\r\n<p><strong><strong>Pertama</strong></strong>: buatlah daftar broadcast yang sudah kita lakan PDKT, mereka yang sudah akrab dan memberi izin kepada kita untuk menjelaskan. Dan syarat penting: pastikan sudah saling save.</p>\r\n\r\n<p><strong><strong>Kedua</strong></strong>: broadcast dengan bahasa seolah mengirim ke satu orang.</p>\r\n\r\n<p><strong><strong>Ketiga</strong></strong>: jangan terlalu sering.</p>\r\n\r\n<p><strong><strong>Keempat</strong></strong>: jangan jualan melulu, justru lebih banyak edukasi, disertai hiburan secukupnya.</p>\r\n\r\n<p>DAN, resiko tetap ada. Yang namanya bisnis itu ada resikonya. Makanya jangan gunakan nomor utama untuk whatsapp marketing, jika mau menggunakan teknik broadcast.</p>\r\n\r\n<p>Jika tidak mau mengambil resiko, bisa fokus ke japri dan status.</p>\r\n'),
(14, 1, NULL, 'Mengatasi error jika element tidak ada', NULL, 'Mengatasi-error-jika-element-tidak-ada', '', 0, '2021-07-30 03:57:20', '2021-07-30 04:01:18', NULL, '<p>Pada CKEDITOR salah satu plugin dari javascript sering terjadi error disebabkan oleh pemanggilan fungsinya karena harus menyertakan element yang akan dipakai berdasarkan <strong>id </strong></p>\r\n<p>Contoh :</p>\r\n<p>\r\n  [pre]\r\n  CKEDITOR.replace(\'id_txt_pesan\');\r\n  [/pre]\r\n</p>\r\n<p>Gambar error :</p>\r\n<p><img src=\"[base_url]imgss/error_ckeditor_1.png\" alt=\"error ckeditor\" width=\"428\" height=\"97\" /></p>\r\n<p>Solusi :</p>\r\n<p>pertama cari element dulu berdasarkan <em>ID</em> atau <em>CLASS </em>setelah itu jika element itu ada maka dipanggil jika tidak tidak usah ditampilkan</p>\r\n<p>\r\n  [pre]\r\n  	[span-merah]if ($(\'#id_txt_pesan\').length &gt; 0) {[/span]\r\n  		CKEDITOR.replace(\'id_txt_pesan\'); \r\n  	}\r\n  [/pre]\r\n</p>\r\n<p>error pasti hilang selesai!!!</p>');
INSERT INTO `post` (`id`, `authorId`, `parentId`, `title`, `metaTitle`, `slug`, `summary`, `published`, `createdAt`, `updatedAt`, `publishedAt`, `content`) VALUES
(15, 1, NULL, 'Constraint Layout', NULL, 'Constraint-Layout', '', 0, '2021-08-03 02:04:37', '2021-08-16 08:26:02', NULL, '<p>Sumber : <a href=\"https://abhiandroid.com/ui/constraintlayout\" target=\"_blank\">https://abhiandroid.com/ui/constraintlayout</a></p>\r\n\r\n<hr />\r\n<p>Constraint Layout is a ViewGroup (i.e. a view that holds other views) which allows you to create large and complex layouts with a flat view hierarchy, and also allows you to position and size widgets in a very flexible way. It was created to help reduce the nesting of views and also improve the performance of layout files.</p>\r\n\r\n<p><img alt=\"Constraint layout\" src=\"[base_url]imgss/Constraint-Layout-Example-In-Android-Studio_1.png\" style=\"height:377px; width:450px\" /></p>\r\n\r\n<p>ConstraintLayout is very similar to <a href=\"https://abhiandroid.com/ui/relative-layout/\" target=\"_blank\">RelativeLayout</a> in such a way because, views are laid out according to relationships between sibling views and the parent layout yet it&rsquo;s a lot more flexible and works better with the Layout Editor of the Android Studio&rsquo;s. It was released at Google I/O 2016. Since it came into existence (i.e. as at <a href=\"https://abhiandroid.com/androidstudio/\" target=\"_blank\">Android studio </a>2.3), it has become a wildly used viewgroup and supports Android 2.3 or higher.</p>\r\n\r\n<p>\r\n<div class=\"box-group\" id=\"androidContraint\">\r\n    <div class=\"panel box box-primary\">\r\n        <div class=\"box-header with-border\">\r\n          <h4 class=\"box-title\">\r\n            <a data-toggle=\"collapse\" data-parent=\"#androidContraint\" href=\"#learn_1\">\r\n                Advantages Of Constraint Layout Over Other Layouts\r\n            </a>\r\n          </h4>\r\n        </div>\r\n        <div id=\"learn_1\" class=\"panel-collapse collapse in\">\r\n          <div class=\"box-body\">\r\n            <ol>\r\n                <li>One great advantage of the constraintlayout is that you can perform animations on your ConstraintLayout views with very little code.</li>\r\n                <li>You can build your complete layout with simple drag-and-drop on the <a title=\"Android Studio Tutorials \" href=\"https://abhiandroid.com/androidstudio/\" target=\"_blank\" data-ail=\"2554\">Android Studio </a>design editor.</li>\r\n                <li>You can control what happens to a group of widgets through a single line of code.</li>\r\n                <li>Constraint Layout improve performance over other layout</li>\r\n            </ol>\r\n          </div>\r\n        </div>\r\n    </div>\r\n    <div class=\"panel box box-primary\">\r\n        <div class=\"box-header with-border\">\r\n          <h4 class=\"box-title\">\r\n            <a data-toggle=\"collapse\" data-parent=\"#androidContraint\" href=\"#learn_2\">\r\n                Using Constraint Layout In Android Studio:\r\n            </a>\r\n          </h4>\r\n        </div>\r\n        <div id=\"learn_2\" class=\"panel-collapse collapse\">\r\n          <div class=\"box-body\">\r\n            <p>It is not bundled as part of Android SDK and is available as a support library. Due to this, any update in the future would be compatible with all versions of Android.</p>\r\n            <p>To use Constraint Layout make sure you have declared below repository in build.gradle file</p>\r\n            <p>[pre]\r\n            repositories {\r\n                maven {\r\n                    url \'https://maven.google.com\'\r\n                }\r\n            }\r\n            [/pre]</p>\r\n            <p>Now to use ConstraintLayout features in our android project, we will need to add the library to our build.gradle app module dependencies section.<br/>\r\n            Open your build.gradle (Module app) and add the code below:</p>\r\n            <p>\r\n            [pre]\r\n            dependencies {\r\n                compile \'com.android.support.constraint:constraint-layout:1.1.0-beta3\'\r\n            }\r\n            [/pre]\r\n            </p>\r\n          </div>\r\n        </div>\r\n    </div>\r\n    <div class=\"panel box box-primary\">\r\n        <div class=\"box-header with-border\">\r\n          <h4 class=\"box-title\">\r\n            <a data-toggle=\"collapse\" data-parent=\"#androidContraint\" href=\"#learn_3\">\r\n                Design Or Blueprint Mode In Android Studio:\r\n            </a>\r\n          </h4>\r\n        </div>\r\n        <div id=\"learn_3\" class=\"panel-collapse collapse\">\r\n          <div class=\"box-body\">\r\n            <p>In Android Studio design and blueprint mode are added which display the layout design in design and blueprint mode. You can enable any mode or both together according to your requirement.</p>\r\n            <p>[span-merah]Important Note:[/span] To help you understand ConstraintLayout, we will enable both(design and blueprint mode) for this tutorial.</p>\r\n            <p>\r\n                <img alt=\"Constraint layout 2\" src=\"[base_url]imgss/Constraint-Layout-Example-In-Android-Studio_2.jpg\" />\r\n            </p>\r\n          </div>\r\n        </div>\r\n    </div>\r\n    <div class=\"panel box box-primary\">\r\n        <div class=\"box-header with-border\">\r\n          <h4 class=\"box-title\">\r\n            <a data-toggle=\"collapse\" data-parent=\"#androidContraint\" href=\"#learn_4\">\r\n                Understanding Handles or Anchor Points In Constraint Layout:\r\n            </a>\r\n          </h4>\r\n        </div>\r\n        <div id=\"learn_4\" class=\"panel-collapse collapse\">\r\n          <div class=\"box-body\">\r\n            <p>Lets suppose you drag a TextView element in ConstraintLayout visual editor of Android Studio. Immediately after dragging you will notice a error with a message, “This view is not constrained…” So this simply means the view we created is not Constrained and we need to fix it. If we don’t fix it, the view won’t render properly when it will run in App.</p>\r\n            <p>\r\n                <img alt=\"Constraint layout 3\" src=\"[base_url]imgss/Constraint-Layout-Example-In-Android-Studio_3.png\" />\r\n            </p>\r\n            <p>Now I hover around the button, you can see different points which can be called as handles or anchor points in Constraint Layout.</p>\r\n            <p><img alt=\"Constraint layout 4\" src=\"[base_url]imgss/Constraint-Layout-Example-In-Android-Studio_4.png\" /></p>\r\n            <p>Click on the any handle and drag it to make connection with something else around it.</p>\r\n            <p>[span-merah]Important Note:[/span] You will need to make at least two connection of handles with something else to make it Constrained. So this way you can create Constrained.</p>\r\n            <p><img alt=\"Constraint layout 5\" src=\"[base_url]imgss/Constraint-Layout-Example-In-Android-Studio_5.gif\" /></p>\r\n            <p><strong>Resize handle</strong> – To resize the view size, you can use resize handle found at the corners which keeps constraint intact. Just simply drag and resize it according to your App UI requirements.</p>\r\n            <p><img alt=\"Constraint layout 6\" src=\"[base_url]imgss/Constraint-Layout-Example-In-Android-Studio_6.gif\" /></p>\r\n            <p><strong>Side handle</strong> – The side handle are circular handle used to set the top, left, bottom and right constraints of the view.</p>\r\n            <p><img alt=\"Constraint layout 7\" src=\"[base_url]imgss/Constraint-Layout-Example-In-Android-Studio_7.png\" /></p>\r\n          </div>\r\n        </div>\r\n    </div>\r\n    <div class=\"panel box box-primary\">\r\n      <div class=\"box-header with-border\">\r\n        <h4 class=\"box-title\">\r\n          <a data-toggle=\"collapse\" data-parent=\"#androidContraint\" href=\"#learn_5\">\r\n            Attribute Window For ConstraintLayout:\r\n          </a>\r\n        </h4>\r\n      </div>\r\n      <div id=\"learn_5\" class=\"panel-collapse collapse\">\r\n        <div class=\"box-body\">\r\n          <p>On the right side you will notice a attribute window which share lots of details about the views that we used for View in ConstraintLayout.</p>\r\n          <p>You control sizing of the element by clicking on 4 side arrows to change wrap_content to match_constrained, fixed size etc.</p>\r\n          <p><strong>Bias</strong> decides view placement between its constraints on an axis. By default it is set 50% and can be changed easily by dragging.</p>\r\n          <p>[span-merah]Important Note:[/span] Biasing is difficult to achieve in Linear Layout, Relative layout etc.</p>\r\n          <p>\r\n              <img alt=\"Constraint layout 8\" src=\"[base_url]imgss/Constraint-Layout-Example-In-Android-Studio_8.png\" />\r\n          </p>\r\n        </div>\r\n      </div>\r\n    </div>\r\n    <div class=\"panel box box-primary\">\r\n      <div class=\"box-header with-border\">\r\n        <h4 class=\"box-title\">\r\n          <a data-toggle=\"collapse\" data-parent=\"#androidContraint\" href=\"#learn_6\">\r\n            Deleting Constraint In ConstraintLayout:\r\n          </a>\r\n        </h4>\r\n      </div>\r\n      <div id=\"learn_6\" class=\"panel-collapse collapse\">\r\n        <div class=\"box-body\">\r\n          <p>To delete the constrained connection, simply click on handle point and thats it.</p>\r\n          <p>\r\n              <img alt=\"Constraint layout 9\" src=\"[base_url]imgss/Constraint-Layout-Example-In-Android-Studio_9.gif\" />\r\n          </p>\r\n        </div>\r\n      </div>\r\n    </div>\r\n    <div class=\"panel box box-primary\">\r\n      <div class=\"box-header with-border\">\r\n        <h4 class=\"box-title\">\r\n          <a data-toggle=\"collapse\" data-parent=\"#androidContraint\" href=\"#learn_7\">\r\n            Different Tools In ConstraintLayout:\r\n          </a>\r\n        </h4>\r\n      </div>\r\n      <div id=\"learn_7\" class=\"panel-collapse collapse\">\r\n        <div class=\"box-body\">\r\n          <p>You can also use tools like Autoconnect to let Android Studio make automatic connection of view, clear all constraints to delete all constraints in one go and infer constraint to automatic figure our the constraints for all the views on screen.</p>\r\n          <p>\r\n              <img alt=\"Constraint layout 10\" src=\"[base_url]imgss/Constraint-Layout-Example-In-Android-Studio_10.png\" />\r\n          </p>\r\n        </div>\r\n      </div>\r\n    </div>\r\n    <div class=\"panel box box-primary\">\r\n      <div class=\"box-header with-border\">\r\n        <h4 class=\"box-title\">\r\n          <a data-toggle=\"collapse\" data-parent=\"#androidContraint\" href=\"#learn_8\">\r\n            Relative Positioning In Constraint Layout:\r\n          </a>\r\n        </h4>\r\n      </div>\r\n      <div id=\"learn_8\" class=\"panel-collapse collapse\">\r\n        <div class=\"box-body\">\r\n          <p>Relative Positioning is the most important type of Constraint Layout and considered as the basic block building in it. The different constraint option it offers works in relation/relative to position of one another. Those relative positioning works only in vertical and horizontal axis only.</p>\r\n          <p>\r\n            Using horizontal axis, you can set positioning of one widget in right, left, end and start sides of other widget. While using vertical axis you can set bottom, top sides and text baseline.\r\n          </p>\r\n          <p>\r\n            Let’s now understand the concept by taking an example. In the below example, we will create two TextView. In first TextView we will write Hello and in second we will write AbhiAndroid. We will set position of “AbhiAndroid” left of the “Hello” but in the right side. Below is the XML code:\r\n          </p>\r\n          <p>\r\n            Here constraint means that the system will try to share the same location with both sides. The textview1 is left side of textview2 to be constrained to the right side of textview1.\r\n          </p>\r\n          <p>\r\n            [pre]\r\n            &lt;?xml version=\"1.0\" encoding=\"utf-8\"?>\r\n            &lt;android.support.constraint.ConstraintLayout xmlns:android=\"http://schemas.android.com/apk/res/android\"\r\n                xmlns:app=\"http://schemas.android.com/apk/res-auto\"\r\n                xmlns:tools=\"http://schemas.android.com/tools\"\r\n                android:layout_width=\"match_parent\"\r\n                android:layout_height=\"match_parent\"\r\n                tools:context=\".MainActivity\">\r\n\r\n                &lt;TextView\r\n                    android:id=\"@+id/textview1\"\r\n                    android:layout_width=\"wrap_content\"\r\n                    android:layout_height=\"wrap_content\"\r\n                    android:text=\"Hello \"/>\r\n\r\n                &lt;TextView\r\n                    android:id=\"@+id/textview2\"\r\n                    android:layout_width=\"wrap_content\"\r\n                    android:layout_height=\"wrap_content\"\r\n                    app:layout_constraintLeft_toRightOf=\"@id/textview1\"\r\n                    android:text=\"AbhiAndroid\"/>\r\n            &lt;/android.support.constraint.ConstraintLayout>\r\n            [/pre]\r\n          </p>\r\n          <p>[span-merah]<strong>Important Note:</strong>[/span] To define a view&rsquo;s position in ConstraintLayout, you must add at least one horizontal and one vertical constraint to the view. Each constraint defines the view&rsquo;s position along either the vertical or horizontal axis; so each view must have a minimum of one constraint for each axis, but often more are necessary. There are several types of restrictions. In particular, the following are some of the restrictions that can be used to set a position relative to another item:</p>\r\n          <p><strong>layout_constraintLeft_toLeftOf :</strong> the left border of the element is positioned relative to the left border of another element</p>\r\n          <p><strong>layout_constraintLeft_toRightOf :</strong> the left border of the element is positioned relative to the right border of another element</p>\r\n          <p><strong>layout_constraintRight_toLeftOf:</strong> the right border of the element is positioned relative to the left border of another element</p>\r\n          <p><strong>layout_constraintRight_toRightOf:</strong> the right border of the element is positioned relative to the right border of another element.</p>\r\n        </div>\r\n      </div>\r\n    </div>\r\n    <div class=\"panel box box-primary\">\r\n      <div class=\"box-header with-border\">\r\n        <h4 class=\"box-title\">\r\n          <a data-toggle=\"collapse\" data-parent=\"#androidContraint\" href=\"#learn_9\">\r\n            Chains In ConstraintLayout:\r\n          </a>\r\n        </h4>\r\n      </div>\r\n      <div id=\"learn_9\" class=\"panel-collapse collapse\">\r\n        <div class=\"box-body\">\r\n          <p>Chains allow us to control the space between elements and chains all the selected elements to another.</p>\r\n          <p><strong>To create a chain, select the elements that you want to form part of the chain, and then right click &ndash; &ldquo;Chain&rdquo; &ndash; &ldquo;Create Horizontal or Vertical Chain&rdquo;.</strong></p>\r\n          <p><strong><img src=\"[base_url]imgss/Constraint-Layout-Example-In-Android-Studio_11.gif\" alt=\"Constraint layout 11\" width=\"301\" height=\"248\" /></strong></p>\r\n          <p><strong>The different available chain style are spread, spread_inside and packed.</strong></p>\r\n          <p>&nbsp;<img src=\"[base_url]imgss/Constraint-Layout-Example-In-Android-Studio_12.png\" alt=\"Constraint layout 12\" width=\"423\" height=\"330\" /></p>\r\n          <p>You can do both&nbsp;Horizontal or Vertical Chain at the same time.</p>\r\n          <p>The <a title=\"XML in Android\" href=\"https://abhiandroid.com/ui/xml/\" target=\"_blank\" data-ail=\"2554\">XML</a> for creating a chain is different in that all the views have the constraints defined on them and the <strong>first item</strong> in the chain specifies the chainStyle.</p>\r\n          <p>Below is the example <a title=\"XML in Android\" href=\"https://abhiandroid.com/ui/xml/\" target=\"_blank\" data-ail=\"2554\">XML</a> code of using chains in Constraint Layout</p>\r\n          <p>[pre]&lt;?xml version=\"1.0\" encoding=\"utf-8\"?>\r\n            &lt;android.support.constraint.ConstraintLayout xmlns:android=\"http://schemas.android.com/apk/res/android\"\r\n                xmlns:app=\"http://schemas.android.com/apk/res-auto\"\r\n                xmlns:tools=\"http://schemas.android.com/tools\"\r\n                android:layout_width=\"match_parent\"\r\n                android:layout_height=\"match_parent\"\r\n                tools:context=\".MainActivity\"\r\n                tools:layout_editor_absoluteY=\"81dp\">\r\n            \r\n                &lt;Button\r\n                    android:id=\"@+id/button5\"\r\n                    android:layout_width=\"wrap_content\"\r\n                    android:layout_height=\"wrap_content\"\r\n                    android:layout_marginBottom=\"8dp\"\r\n                    android:layout_marginTop=\"8dp\"\r\n                    android:text=\"Button\"\r\n                    app:layout_constraintBottom_toBottomOf=\"parent\"\r\n                    app:layout_constraintEnd_toStartOf=\"@+id/button6\"\r\n                    app:layout_constraintHorizontal_bias=\"0.5\"\r\n                    app:layout_constraintHorizontal_chainStyle=\"spread\"\r\n                    app:layout_constraintStart_toStartOf=\"parent\"\r\n                    app:layout_constraintTop_toTopOf=\"parent\" />\r\n            \r\n                &lt;Button\r\n                    android:id=\"@+id/button6\"\r\n                    android:layout_width=\"wrap_content\"\r\n                    android:layout_height=\"wrap_content\"\r\n                    android:layout_marginBottom=\"8dp\"\r\n                    android:layout_marginTop=\"8dp\"\r\n                    android:text=\"Button\"\r\n                    app:layout_constraintBottom_toBottomOf=\"parent\"\r\n                    app:layout_constraintEnd_toEndOf=\"parent\"\r\n                    app:layout_constraintHorizontal_bias=\"0.5\"\r\n                    app:layout_constraintStart_toEndOf=\"@+id/button5\"\r\n                    app:layout_constraintTop_toTopOf=\"parent\" />\r\n            &lt;/android.support.constraint.ConstraintLayout>[/pre]</p>\r\n        </div>\r\n      </div>\r\n    </div>\r\n    <div class=\"panel box box-primary\">\r\n      <div class=\"box-header with-border\">\r\n        <h4 class=\"box-title\">\r\n          <a data-toggle=\"collapse\" data-parent=\"#androidContraint\" href=\"#learn_10\">\r\n            Using Guidelines For Designing Layout In ConstraintLayout\r\n          </a>\r\n        </h4>\r\n      </div>\r\n      <div id=\"learn_10\" class=\"panel-collapse collapse\">\r\n        <div class=\"box-body\">\r\n          <p>You can use guidelines to define any vertical or horizontal guideline while designing your App Layout. This will help you make Constrained connection of view to guideline and design layout keeping guideline in mind.</p>\r\n          <p><img src=\"[base_url]imgss/Constraint-Layout-Example-In-Android-Studio_14.gif\" alt=\"Constraint layout 14\" width=\"546\" height=\"264\" /></p>\r\n          <p><strong>Important Note:</strong> On changing the margin or percentage of guideline, it will also change automatically for all connected views also.</p>\r\n        </div>\r\n      </div>\r\n    </div>\r\n    <div class=\"panel box box-primary\">\r\n      <div class=\"box-header with-border\">\r\n        <h4 class=\"box-title\">\r\n          <a data-toggle=\"collapse\" data-parent=\"#androidContraint\" href=\"#learn_11\">\r\n            Percent dimensions In ConstraintLayout:\r\n          </a>\r\n        </h4>\r\n      </div>\r\n      <div id=\"learn_11\" class=\"panel-collapse collapse\">\r\n        <div class=\"box-body\">\r\n          <p>The <strong>percent</strong> value of the constraint Width_default, allow us to set a widget to take some percentage of the available space.</p>\r\n          <p>[pre]&lt;!-- the widget will take 80% of the available space -->\r\n          app:layout_constraintWidth_default=\"percent\"\r\n          app:layout_constraintWidth_percent=\"0.8\"[/pre]</p>\r\n        </div>\r\n      </div>\r\n    </div>\r\n    <div class=\"panel box box-primary\">\r\n      <div class=\"box-header with-border\">\r\n        <h4 class=\"box-title\">\r\n          <a data-toggle=\"collapse\" data-parent=\"#androidContraint\" href=\"#learn_12\">\r\n            Barriers In ConstraintLayout:\r\n          </a>\r\n        </h4>\r\n      </div>\r\n      <div id=\"learn_12\" class=\"panel-collapse collapse\">\r\n        <div class=\"box-body\">\r\n          <p>The <strong>Barriers</strong> usually avoid one or more widgets/elements to bypass it. When a widget tries to pass through it, the Barrier will move itself, and avoiding the widget to be placed above it.</p>\r\n          <p><img src=\"[base_url]imgss/Constraint-Layout-Example-In-Android-Studio_15.gif\" alt=\"Constraint Layout 15\" width=\"588\" height=\"282\" /></p>\r\n          <p>Below is the example XML code of using Barriers in ConstraintLayout</p>\r\n          <p>[pre]&lt;?xml version=\"1.0\" encoding=\"utf-8\"?>\r\n          &lt;android.support.constraint.ConstraintLayout xmlns:android=\"http://schemas.android.com/apk/res/android\"\r\n              xmlns:app=\"http://schemas.android.com/apk/res-auto\"\r\n              xmlns:tools=\"http://schemas.android.com/tools\"\r\n              android:layout_width=\"match_parent\"\r\n              android:layout_height=\"match_parent\"\r\n              tools:context=\".MainActivity\"\r\n              tools:layout_editor_absoluteY=\"81dp\">\r\n\r\n\r\n              &lt;Button\r\n                  android:id=\"@+id/button13\"\r\n                  android:layout_width=\"wrap_content\"\r\n                  android:layout_height=\"wrap_content\"\r\n                  android:layout_marginStart=\"8dp\"\r\n                  android:layout_marginTop=\"8dp\"\r\n                  android:text=\"Button\"\r\n                  app:layout_constraintStart_toStartOf=\"parent\"\r\n                  app:layout_constraintTop_toTopOf=\"parent\" />\r\n\r\n              &lt;TextView\r\n                  android:id=\"@+id/textView8\"\r\n                  android:layout_width=\"wrap_content\"\r\n                  android:layout_height=\"wrap_content\"\r\n                  android:layout_marginStart=\"8dp\"\r\n                  android:layout_marginTop=\"8dp\"\r\n                  android:text=\"Barriers avoid overlapping of elements\"\r\n                  app:layout_constraintStart_toStartOf=\"parent\"\r\n                  app:layout_constraintTop_toBottomOf=\"@+id/button13\" />\r\n\r\n              &lt;android.support.constraint.Barrier\r\n                  android:id=\"@+id/barrier8\"\r\n                  android:layout_width=\"wrap_content\"\r\n                  android:layout_height=\"wrap_content\"\r\n                  app:barrierDirection=\"right\"\r\n                  app:constraint_referenced_ids=\"button13,textView8\"\r\n                  tools:layout_editor_absoluteY=\"511dp\" />\r\n\r\n              &lt;Button\r\n                  android:id=\"@+id/button14\"\r\n                  android:layout_width=\"wrap_content\"\r\n                  android:layout_height=\"wrap_content\"\r\n                  android:layout_marginStart=\"8dp\"\r\n                  android:text=\"Button\"\r\n                  app:layout_constraintStart_toEndOf=\"@+id/barrier8\"\r\n                  tools:layout_editor_absoluteY=\"34dp\" />\r\n          &lt;/android.support.constraint.ConstraintLayout>[/pre]</p>\r\n        </div>\r\n      </div>\r\n    </div>\r\n    <div class=\"panel box box-primary\">\r\n      <div class=\"box-header with-border\">\r\n        <h4 class=\"box-title\">\r\n          <a data-toggle=\"collapse\" data-parent=\"#androidContraint\" href=\"#learn_13\">\r\n            Group In ConstraintLayout:\r\n          </a>\r\n        </h4>\r\n      </div>\r\n      <div id=\"learn_13\" class=\"panel-collapse collapse\">\r\n        <div class=\"box-body\">\r\n          <p>Group in android helps to carry out some actions on a set of widgets with the most common case being to control the visibility of a collection of widgets.</p>\r\n          <p>When faced with this scenario, the most common solution was to maintain yourself a list or set of views inside the Activity or <a title=\"Fragment Tutorial\" href=\"https://abhiandroid.com/ui/fragment/\" target=\"_blank\" data-ail=\"2554\">Fragment</a>, or even adding a ViewGroup and put all the views inside of it, then control the visibility of the container. Now to carry out the action on the views, you only need to add their ids as the referenced ids in the group, and group in the ConstraintLayout will propagate the actions to all plugged views.</p>\r\n          <p><img src=\"[base_url]imgss/Constraint-Layout-Example-In-Android-Studio_16.gif\" alt=\"Constraint Layout\" width=\"600\" height=\"215\" /></p>\r\n          <p>In the below XML example code of using Groups in ConstraintLayout, we have set visibility to invisible of two <a title=\"Button Tutorial\" href=\"https://abhiandroid.com/ui/button/\" target=\"_blank\" data-ail=\"2554\">Button</a>:</p>\r\n          <p>[pre]&lt;?xml version=\"1.0\" encoding=\"utf-8\"?>\r\n          &lt;android.support.constraint.ConstraintLayout xmlns:android=\"http://schemas.android.com/apk/res/android\"\r\n              xmlns:app=\"http://schemas.android.com/apk/res-auto\"\r\n              xmlns:tools=\"http://schemas.android.com/tools\"\r\n              android:layout_width=\"match_parent\"\r\n              android:layout_height=\"match_parent\"\r\n              tools:context=\".MainActivity\"\r\n              tools:layout_editor_absoluteY=\"81dp\">\r\n\r\n\r\n              &lt;Button\r\n                  android:id=\"@+id/button15\"\r\n                  android:layout_width=\"wrap_content\"\r\n                  android:layout_height=\"wrap_content\"\r\n                  android:text=\"Button\"\r\n                  tools:layout_editor_absoluteX=\"44dp\"\r\n                  tools:layout_editor_absoluteY=\"28dp\" />\r\n\r\n              &lt;Button\r\n                  android:id=\"@+id/button16\"\r\n                  android:layout_width=\"wrap_content\"\r\n                  android:layout_height=\"wrap_content\"\r\n                  android:text=\"Button\"\r\n                  tools:layout_editor_absoluteX=\"89dp\"\r\n                  tools:layout_editor_absoluteY=\"118dp\" />\r\n\r\n              &lt;android.support.constraint.Group\r\n                  android:id=\"@+id/group\"\r\n                  android:layout_width=\"wrap_content\"\r\n                  android:layout_height=\"wrap_content\"\r\n                  android:visibility=\"invisible\"\r\n                  app:constraint_referenced_ids=\"button16,button15\" />\r\n          &lt;/android.support.constraint.ConstraintLayout>[/pre]</p>\r\n        </div>\r\n      </div>\r\n    </div>\r\n    <div class=\"panel box box-primary\">\r\n      <div class=\"box-header with-border\">\r\n        <h4 class=\"box-title\">\r\n          <a data-toggle=\"collapse\" data-parent=\"#androidContraint\" href=\"#learn_14\">\r\n            Constraint Layout Example in Android Studio:\r\n          </a>\r\n        </h4>\r\n      </div>\r\n      <div id=\"learn_14\" class=\"panel-collapse collapse\">\r\n        <div class=\"box-body\">\r\n          <p>Below we design the simple Login screen in Constraint Layout. We used <a title=\"ImageView\" href=\"https://abhiandroid.com/ui/imageview/\" target=\"_blank\" data-ail=\"2554\">ImageView</a>, <a title=\"EditText\" href=\"https://abhiandroid.com/ui/edittext/\" target=\"_blank\" data-ail=\"2554\">EditText</a>, <a title=\"Button Tutorial\" href=\"https://abhiandroid.com/ui/button/\" target=\"_blank\" data-ail=\"2554\">Button</a> and TextView for designing the below layout.</p>\r\n          <p><img src=\"[base_url]imgss/Constraint-Layout-Example-In-Android-Studio_17.png\" alt=\"Constraint Layout\" width=\"450\" height=\"377\" /></p>\r\n          <p><strong>Step 1:</strong>&nbsp;<a title=\"How To Create A New Project In Android Studio\" href=\"https://abhiandroid.com/androidstudio/start-create-project\" target=\"_blank\" data-ail=\"2554\">Create a new project</a>&nbsp;ConstraintLayout and activity Main Activity. Here we will create a Constraint Layout:</p>\r\n          <p>[pre]&lt;?xml version=\"1.0\" encoding=\"utf-8\"?>\r\n          &lt;android.support.constraint.ConstraintLayout xmlns:android=\"http://schemas.android.com/apk/res/android\"\r\n              xmlns:app=\"http://schemas.android.com/apk/res-auto\"\r\n              xmlns:tools=\"http://schemas.android.com/tools\"\r\n              android:id=\"@+id/constraintLayout\"\r\n              android:layout_width=\"match_parent\"\r\n              android:layout_height=\"match_parent\"\r\n              android:background=\"#80C938\">\r\n\r\n          &lt;/android.support.constraint.ConstraintLayout>[/pre]</p>\r\n          <p><strong>Step 2:</strong> Add other views(<a title=\"ImageView\" href=\"https://abhiandroid.com/ui/imageview/\" target=\"_blank\" data-ail=\"2554\">imageview</a>, <a title=\"EditText\" href=\"https://abhiandroid.com/ui/edittext/\" target=\"_blank\" data-ail=\"2554\">edittext</a>, button and textview) by adding both horizontal and vertical constraints to them:</p>\r\n          <p>[pre]&lt;ImageView\r\n          android:layout_width=\"146dp\"\r\n          android:layout_height=\"100dp\"\r\n          android:src=\"@drawable/abhi_android\"\r\n          android:id=\"@+id/imageView\"\r\n          android:layout_marginTop=\"96dp\"\r\n          app:layout_constraintTop_toTopOf=\"parent\"\r\n          android:layout_marginEnd=\"16dp\"\r\n          app:layout_constraintRight_toRightOf=\"parent\"\r\n          android:layout_marginRight=\"16dp\"\r\n          android:layout_marginStart=\"16dp\"\r\n          app:layout_constraintLeft_toLeftOf=\"parent\"\r\n          android:layout_marginLeft=\"16dp\" />\r\n\r\n          &lt;EditText\r\n          android:layout_width=\"wrap_content\"\r\n          android:layout_height=\"wrap_content\"\r\n          android:inputType=\"textPersonName\"\r\n          android:ems=\"10\"\r\n          android:id=\"@+id/editText\"\r\n          android:layout_marginStart=\"16dp\"\r\n          android:padding=\"12dp\"\r\n          app:layout_constraintLeft_toLeftOf=\"parent\"\r\n          android:layout_marginLeft=\"16dp\"\r\n          android:layout_marginEnd=\"16dp\"\r\n          app:layout_constraintRight_toRightOf=\"parent\"\r\n          android:layout_marginRight=\"16dp\"\r\n          android:hint=\"Email\"\r\n          android:background=\"#ffffff\"\r\n          android:layout_marginTop=\"232dp\"\r\n          app:layout_constraintTop_toTopOf=\"parent\" />\r\n\r\n          &lt;EditText\r\n          android:layout_width=\"wrap_content\"\r\n          android:layout_height=\"wrap_content\"\r\n          android:inputType=\"textPassword\"\r\n          android:ems=\"10\"\r\n          android:id=\"@+id/editText2\"\r\n          android:padding=\"12dp\"\r\n          android:background=\"#ffffff\"\r\n          android:layout_marginEnd=\"16dp\"\r\n          app:layout_constraintRight_toRightOf=\"parent\"\r\n          android:layout_marginRight=\"16dp\"\r\n          android:layout_marginStart=\"16dp\"\r\n          app:layout_constraintLeft_toLeftOf=\"parent\"\r\n          android:layout_marginLeft=\"16dp\"\r\n          android:hint=\"Password\"\r\n          android:layout_marginTop=\"304dp\"\r\n          app:layout_constraintTop_toTopOf=\"parent\" />\r\n\r\n          &lt;Button\r\n          android:text=\"SIGN IN\"\r\n          android:layout_width=\"wrap_content\"\r\n          android:layout_height=\"wrap_content\"\r\n          android:background=\"#00773F\"\r\n          android:id=\"@+id/button1\"\r\n          android:layout_marginStart=\"16dp\"\r\n          android:paddingLeft=\"30dp\"\r\n          android:paddingRight=\"30dp\"\r\n          android:textColor=\"#ffffff\"\r\n          app:layout_constraintLeft_toLeftOf=\"parent\"\r\n          android:layout_marginLeft=\"16dp\"\r\n          android:layout_marginEnd=\"16dp\"\r\n          app:layout_constraintRight_toRightOf=\"parent\"\r\n          android:layout_marginRight=\"16dp\"\r\n          android:layout_marginTop=\"408dp\"\r\n          app:layout_constraintTop_toTopOf=\"parent\" />\r\n\r\n          &lt;TextView\r\n          android:text=\"Don\'t have an account?\"\r\n          android:layout_width=\"wrap_content\"\r\n          android:layout_height=\"wrap_content\"\r\n          android:id=\"@+id/textView\"\r\n          android:layout_marginEnd=\"16dp\"\r\n          app:layout_constraintRight_toRightOf=\"parent\"\r\n          android:layout_marginRight=\"16dp\"\r\n          android:layout_marginStart=\"16dp\"\r\n          android:textColor=\"#aaffffff\"\r\n          app:layout_constraintLeft_toLeftOf=\"parent\"\r\n          android:layout_marginLeft=\"16dp\"\r\n          android:layout_marginTop=\"480dp\"\r\n          app:layout_constraintTop_toTopOf=\"parent\" />[/pre]</p>\r\n          <p><strong>Step 3:</strong> The complete xml code of simple Constraint Layout example:</p>\r\n          <p>[pre]&lt;?xml version=\"1.0\" encoding=\"utf-8\"?>\r\n          &lt;android.support.constraint.ConstraintLayout xmlns:android=\"http://schemas.android.com/apk/res/android\"\r\n              xmlns:app=\"http://schemas.android.com/apk/res-auto\"\r\n              xmlns:tools=\"http://schemas.android.com/tools\"\r\n              android:id=\"@+id/constraintLayout\"\r\n              android:layout_width=\"match_parent\"\r\n              android:layout_height=\"match_parent\"\r\n              android:background=\"#80C938\">\r\n\r\n          &lt;ImageView\r\n                  android:layout_width=\"146dp\"\r\n                  android:layout_height=\"100dp\"\r\n                  android:src=\"@drawable/abhi_android\"\r\n                  android:id=\"@+id/imageView\"\r\n                  android:layout_marginTop=\"96dp\"\r\n                  app:layout_constraintTop_toTopOf=\"parent\"\r\n                  android:layout_marginEnd=\"16dp\"\r\n                  app:layout_constraintRight_toRightOf=\"parent\"\r\n                  android:layout_marginRight=\"16dp\"\r\n                  android:layout_marginStart=\"16dp\"\r\n                  app:layout_constraintLeft_toLeftOf=\"parent\"\r\n                  android:layout_marginLeft=\"16dp\" />\r\n\r\n              &lt;EditText\r\n                  android:layout_width=\"wrap_content\"\r\n                  android:layout_height=\"wrap_content\"\r\n                  android:inputType=\"textPersonName\"\r\n                  android:ems=\"10\"\r\n                  android:id=\"@+id/editText\"\r\n                  android:layout_marginStart=\"16dp\"\r\n                  android:padding=\"12dp\"\r\n                  app:layout_constraintLeft_toLeftOf=\"parent\"\r\n                  android:layout_marginLeft=\"16dp\"\r\n                  android:layout_marginEnd=\"16dp\"\r\n                  app:layout_constraintRight_toRightOf=\"parent\"\r\n                  android:layout_marginRight=\"16dp\"\r\n                  android:hint=\"Email\"\r\n                  android:background=\"#ffffff\"\r\n                  android:layout_marginTop=\"232dp\"\r\n                  app:layout_constraintTop_toTopOf=\"parent\" />\r\n\r\n              &lt;EditText\r\n                  android:layout_width=\"wrap_content\"\r\n                  android:layout_height=\"wrap_content\"\r\n                  android:inputType=\"textPassword\"\r\n                  android:ems=\"10\"\r\n                  android:id=\"@+id/editText2\"\r\n                  android:padding=\"12dp\"\r\n                  android:background=\"#ffffff\"\r\n                  android:layout_marginEnd=\"16dp\"\r\n                  app:layout_constraintRight_toRightOf=\"parent\"\r\n                  android:layout_marginRight=\"16dp\"\r\n                  android:layout_marginStart=\"16dp\"\r\n                  app:layout_constraintLeft_toLeftOf=\"parent\"\r\n                  android:layout_marginLeft=\"16dp\"\r\n                  android:hint=\"Password\"\r\n                  android:layout_marginTop=\"304dp\"\r\n                  app:layout_constraintTop_toTopOf=\"parent\" />\r\n\r\n              &lt;Button\r\n                  android:text=\"SIGN IN\"\r\n                  android:layout_width=\"wrap_content\"\r\n                  android:layout_height=\"wrap_content\"\r\n                  android:background=\"#00773F\"\r\n                  android:id=\"@+id/button1\"\r\n                  android:layout_marginStart=\"16dp\"\r\n                  android:paddingLeft=\"30dp\"\r\n                  android:paddingRight=\"30dp\"\r\n                  android:textColor=\"#ffffff\"\r\n                  app:layout_constraintLeft_toLeftOf=\"parent\"\r\n                  android:layout_marginLeft=\"16dp\"\r\n                  android:layout_marginEnd=\"16dp\"\r\n                  app:layout_constraintRight_toRightOf=\"parent\"\r\n                  android:layout_marginRight=\"16dp\"\r\n                  android:layout_marginTop=\"408dp\"\r\n                  app:layout_constraintTop_toTopOf=\"parent\" />\r\n\r\n              &lt;TextView\r\n                  android:text=\"Don\'t have an account?\"\r\n                  android:layout_width=\"wrap_content\"\r\n                  android:layout_height=\"wrap_content\"\r\n                  android:id=\"@+id/textView\"\r\n                  android:layout_marginEnd=\"16dp\"\r\n                  app:layout_constraintRight_toRightOf=\"parent\"\r\n                  android:layout_marginRight=\"16dp\"\r\n                  android:layout_marginStart=\"16dp\"\r\n                  android:textColor=\"#aaffffff\"\r\n                  app:layout_constraintLeft_toLeftOf=\"parent\"\r\n                  android:layout_marginLeft=\"16dp\"\r\n                  android:layout_marginTop=\"480dp\"\r\n                  app:layout_constraintTop_toTopOf=\"parent\" />\r\n\r\n\r\n          &lt;/android.support.constraint.ConstraintLayout>[/pre]</p>\r\n          <p><strong>Output:</strong></p>\r\n          <p>Now look at the layout in design mode to see the Layout of simple Login screen created using Constraint Layout.</p>\r\n        </div>\r\n      </div>\r\n    </div>\r\n    <div class=\"panel box box-primary\">\r\n      <div class=\"box-header with-border\">\r\n        <h4 class=\"box-title\">\r\n          <a data-toggle=\"collapse\" data-parent=\"#androidContraint\" href=\"#learn_15\">\r\n            Important Points About Constraint Layout:\r\n          </a>\r\n        </h4>\r\n      </div>\r\n      <div id=\"learn_15\" class=\"panel-collapse collapse\">\r\n        <div class=\"box-body\">\r\n          <p>To use ConstraintLayout,</p>\r\n          <ol style=\"list-style-type: lower-roman;\">\r\n          <li style=\"text-align: left;\">Your Android Studio version must be 2.3 or higher.</li>\r\n          <li style=\"text-align: left;\">You must first <a title=\"Include\" href=\"https://abhiandroid.com/ui/include-merge-tag/\" target=\"_blank\" data-ail=\"2554\">include</a> the ConstraintLayout&rsquo;s support library.</li>\r\n          <li style=\"text-align: left;\">You must have at least one vertical and one horizontal constraints.</li>\r\n          </ol>\r\n          <p>In conclusion, ConstraintLayout is a faster, better and much more efficient choice to designing large and aesthetic layouts in your Android UI.</p>\r\n        </div>\r\n      </div>\r\n    </div>\r\n</div>\r\n</p>'),
(16, 1, NULL, 'Bahasa Inggris #TerjemahBing', NULL, 'Bahasa-Inggris-TerjemahBing', '', 0, '2021-08-12 10:48:56', '2021-08-13 02:33:07', NULL, '<p>Sumber <a href=\"https://www.bing.com/translator/\" target=\"_blank\">Bing Microsoft Translator</a></p>\r\n\r\n<hr />\r\n<p>[row][col-3]</p>\r\n\r\n<p>[box_kontainer][box_judul]<strong>Handle</strong>[/box_judul][box_isi]</p>\r\n\r\n<p>Verb:</p>\r\n\r\n<ul>\r\n	<li>Menangani(<em>handle, addressing, deal, tackle, dealing, treat</em>)</li>\r\n	<li>Tangani(<em>handle</em>)</li>\r\n</ul>\r\n\r\n<p>Noun:</p>\r\n\r\n<ul>\r\n	<li>Pegangan(<em>grip, handle, handles, handrail, handbook</em>)</li>\r\n	<li>Gagang(<em>handle, handles, hilt</em>)</li>\r\n</ul>\r\n\r\n<p>Contoh untuk <strong>Menangani</strong></p>\r\n\r\n<p>Cake is easier to handle if made the day before.[em-kuning]Kue lebih mudah untuk menangani jika dibuat sehari sebelumnya.[/em]</p>\r\n\r\n<p>There is a spring loaded handle to facilitate use.[em-kuning]Ada pegas dimuat menangani untuk memfasilitasi digunakan.[/em]</p>\r\n\r\n<p>It was too much for me to handle![em-kuning]Itu terlalu banyak bagi saya untuk menangani![/em]</p>\r\n\r\n<p>[/div][/div][/div][col-3]</p>\r\n\r\n<p>[box_kontainer][box_judul]<strong>Notice</strong>[/box_judul][box_isi]</p>\r\n\r\n<p>Noun:</p>\r\n\r\n<ul>\r\n	<li>Pemberitahuan(<em>notice, alert, announcement, notified</em>)</li>\r\n	<li>Perhatikan(<em>note, notice, watch, noticed, look, consider</em>)</li>\r\n</ul>\r\n\r\n<p>Verb:</p>\r\n\r\n<ul>\r\n	<li>Memperhatikan(<em>noticed, notice, consider, heed, concerned, observing</em>)</li>\r\n	<li>Melihat(<em>viewed, who viewed, see, look, saw, seen</em>)&nbsp;</li>\r\n</ul>\r\n\r\n<p>[/div][/div][/div]</p>\r\n\r\n<p>[/div]</p>\r\n'),
(17, 1, NULL, 'Aplikasi Excel', NULL, 'Aplikasi-Excel', '', 0, '2021-08-13 11:16:16', '2021-08-13 02:06:00', NULL, '<p>[row][col-6][box_kontainer][box_judul]Get first name from name[/box_judul][box_isi] <strong>Formula :</strong><br />\r\n=LEFT(name,FIND(&quot; &quot;,name)-1)[/div][/div][/div][/div]</p>\r\n'),
(18, 1, NULL, 'Load XML PHP', NULL, 'Load-XML-PHP', '', 0, '2021-08-15 12:55:59', '2021-08-15 12:57:45', NULL, '<p>buka duckduckgo.com mengetik &quot;load xml php&quot; lalu saya memilih yang kedua link-nya https://www.w3schools.com/php/func_simplexml_load_file.asp dan mulai mempelajarinya.<br />\r\n<strong>Definition and Usage</strong><br />\r\nsimplexml_load_file() adalah fungsi yang merubah dokumen XML menjadi object</p>\r\n\r\n<p><strong>Syntax</strong><br />\r\n[pre]simplexml_load_file(file, class, options, ns, is_prefix)[/pre]</p>\r\n\r\n<table border=\"1\" style=\"width:1042px\">\r\n	<tbody>\r\n		<tr>\r\n			<td style=\"width:57.3667px\">Parameter</td>\r\n			<td style=\"width:967.633px\">Description</td>\r\n		</tr>\r\n		<tr>\r\n			<td style=\"width:57.3667px\"><em>file</em></td>\r\n			<td style=\"width:967.633px\">Required. Specifies the path to the XML file</td>\r\n		</tr>\r\n		<tr>\r\n			<td style=\"width:57.3667px\"><em>Class</em></td>\r\n			<td style=\"width:967.633px\">Optional. Specifies the class of the new object</td>\r\n		</tr>\r\n		<tr>\r\n			<td style=\"width:57.3667px\"><em>options</em></td>\r\n			<td style=\"width:967.633px\">\r\n			<p>Optional. Specifies additional Libxml parameters. Is set by specifying the option and 1 or 0 (TRUE or FALSE, e.g. LIBXML_NOBLANKS(1))</p>\r\n\r\n			<p>Possible values:</p>\r\n\r\n			<ul>\r\n				<li>LIBXML_COMPACT - Activate nodes allocation optimization (may speed up application)</li>\r\n				<li>LIBXML_DTDATTR - Set default DTD attributes</li>\r\n				<li>LIBXML_DTDLOAD - Load external subset</li>\r\n				<li>LIBXML_DTDVALID - Validate with the DTD</li>\r\n				<li>LIBXML_NOBLANKS - Remove blank nodes</li>\r\n				<li>LIBXML_NOCDATA - Merge CDATA as text nodes</li>\r\n				<li>LIBXML_NOEMPTYTAG - Expand empty tags (e.g. &lt;br/&gt; to &lt;br&gt;&lt;/br&gt;), only available in the DOMDocument-&gt;save() and DOMDocument-&gt;saveXML() functions</li>\r\n				<li>LIBXML_NOENT - Substitute entities</li>\r\n				<li>LIBXML_NOERROR - Do not show error reports</li>\r\n				<li>LIBXML_NONET - Disable network access while loading documents</li>\r\n				<li>LIBXML_NOWARNING - Do not show warning reports</li>\r\n				<li>LIBXML_NOXMLDECL - Drop the XML declaration when saving a document</li>\r\n				<li>LIBXML_NSCLEAN - Remove redundant namespace declarations</li>\r\n				<li>LIBXML_PARSEHUGE - Sets XML_PARSE_HUGE flag, which relaxes any hardcoded limit from the parser. This affects limits like maximum depth of a document and limits of the size of text nodes</li>\r\n				<li>LIBXML_XINCLUDE - Implement XInclude substitution</li>\r\n				<li>LIBXML_ERR_ERROR - Get recoverable errors</li>\r\n				<li>LIBXML_ERR_FATAL - Get fatal errors</li>\r\n				<li>LIBXML_ERR_NONE - Get no errors</li>\r\n				<li>LIBXML_ERR_WARNING - Get simple warnings</li>\r\n				<li>LIBXML_VERSION - Get libxml version (e.g. 20605 or 20617)</li>\r\n				<li>LIBXML_DOTTED_VERSION - Get dotted libxml version (e.g. 2.6.5 or 2.6.17)</li>\r\n			</ul>\r\n			</td>\r\n		</tr>\r\n		<tr>\r\n			<td style=\"width:57.3667px\"><em>ns</em></td>\r\n			<td style=\"width:967.633px\">\r\n			<p>Optional. Specifies a namespace prefix or URI</p>\r\n			</td>\r\n		</tr>\r\n		<tr>\r\n			<td style=\"width:57.3667px\"><em>is_prefix</em></td>\r\n			<td style=\"width:967.633px\">\r\n			<p>Optional. Specifies a Boolean value. TRUE if <em>ns</em> is a prefix. FALSE if <em>ns</em> is a URI. Default is FALSE</p>\r\n			</td>\r\n		</tr>\r\n	</tbody>\r\n</table>\r\n\r\n<h2>More Examples</h2>\r\n\r\n<p>Assume we have the following XML file, &quot;<a href=\"https://www.w3schools.com/php/note.xml\" target=\"_blank\">note.xml</a>&quot;:</p>\r\n\r\n<p>[pre]&lt;?xml version=&quot;1.0&quot; encoding=&quot;UTF-8&quot;?&gt;<br />\r\n&lt;note&gt;<br />\r\n&lt;to&gt;Tove&lt;/to&gt;<br />\r\n&lt;from&gt;Jani&lt;/from&gt;<br />\r\n&lt;heading&gt;Reminder&lt;/heading&gt;<br />\r\n&lt;body&gt;Don&#39;t forget me this weekend!&lt;/body&gt;<br />\r\n&lt;/note&gt;[/pre]</p>\r\n\r\n<h3>Example</h3>\r\n\r\n<p>Output the data from each element in the XML file:</p>\r\n\r\n<p>[pre]</p>\r\n\r\n<p>&lt;?php<br />\r\n$xml=simplexml_load_file(&quot;note.xml&quot;);<br />\r\necho $xml-&gt;to . &quot;&lt;br&gt;&quot;;<br />\r\necho $xml-&gt;from . &quot;&lt;br&gt;&quot;;<br />\r\necho $xml-&gt;heading . &quot;&lt;br&gt;&quot;;<br />\r\necho $xml-&gt;body;<br />\r\n?&gt;</p>\r\n\r\n<p>[/pre]</p>\r\n\r\n<p>&nbsp;</p>\r\n\r\n<h3>Example</h3>\r\n\r\n<p>Output the element&#39;s name and data for each child node in the XML file:</p>\r\n\r\n<p>[pre]&lt;?php<br />\r\n$xml=simplexml_load_file(&quot;note.xml&quot;);<br />\r\necho $xml-&gt;getName() . &quot;&lt;br&gt;&quot;;<br />\r\n<br />\r\nforeach($xml-&gt;children() as $child)<br />\r\n&nbsp;&nbsp;{<br />\r\n&nbsp;&nbsp;echo $child-&gt;getName() . &quot;: &quot; . $child . &quot;&lt;br&gt;&quot;;<br />\r\n&nbsp;&nbsp;}<br />\r\n?&gt;[/pre]</p>');
INSERT INTO `post` (`id`, `authorId`, `parentId`, `title`, `metaTitle`, `slug`, `summary`, `published`, `createdAt`, `updatedAt`, `publishedAt`, `content`) VALUES
(19, 1, NULL, 'Jalur Belajar Android Developer di LAZDAY', NULL, 'Jalur-Belajar-Android-Developer-di-LAZDAY', '', 0, '2021-08-15 11:50:02', '2021-08-15 11:50:02', NULL, '<p>Jalur Belajar di Chanel YouTube &quot;Lazday&quot;</p>\r\n\r\n<hr />\r\n<p>Pertama Belajar Pemrograman Dasar seperti</p>\r\n\r\n<ol>\r\n	<li>java</li>\r\n	<li>kotlin</li>\r\n	<li>c++</li>\r\n	<li>dll</li>\r\n</ol>\r\n\r\n<hr />\r\n<p>Kedua Belajar Membuat Aplikasi Sederhana</p>\r\n\r\n<ol>\r\n	<li>Kalkulator tidak perlu terlalu kompleks cukup bisa menjumlah, membagi, mengkali dan mengurangi sudah cukup</li>\r\n	<li>Membuat resep makanan tidak perlu terlalu rumit dengan database cukup dengan menampilkan gambar makanannya dan resepnya saja</li>\r\n	<li>Do&#39;a pendek/Do&#39;a pagi petang</li>\r\n</ol>\r\n\r\n<hr />\r\n<p>Ketiga belajar membuat User Interface</p>\r\n\r\n<p>kalau menjadi developer android sebetulnya kita bekerja dalam kategori <em>Front End Developer</em> yang datanya disediakan oleh backend developer</p>\r\n\r\n<p>yang perlu di pelajari</p>\r\n\r\n<ol>\r\n	<li>XML</li>\r\n	<li>widget biasanya di pakai fluter</li>\r\n	<li>Compose biasanya android jet pack</li>\r\n</ol>\r\n\r\n<hr />\r\n<p>Keempat Belajar Networking(Membaca API) yang disediakan oleh backend developer</p>\r\n\r\n<p>untuk belajar kita bisa menggunakanopen API public seperti</p>\r\n\r\n<ul>\r\n	<li>API Film</li>\r\n	<li>API Skor bola</li>\r\n	<li>Google Maps API</li>\r\n	<li>API Github</li>\r\n</ul>\r\n\r\n<p>dan library untuk membaca API di android</p>\r\n\r\n<ol>\r\n	<li>Retrofit</li>\r\n	<li>Volley</li>\r\n	<li>Fast Android Networking</li>\r\n</ol>\r\n\r\n<p>ini yang popular sebetulnya banyak lagi yang lain</p>\r\n\r\n<hr />\r\n<p>Kelima Belajar Data Persistence (Dayabase Local) yaitu database yang menyimpan di aplikasi android dengan kata lain apabila aplikasi di uninstall maka data akan hilang juga</p>\r\n\r\n<p>Contoh data persistence</p>\r\n\r\n<ol>\r\n	<li>Room</li>\r\n	<li>SQL Lite</li>\r\n	<li>Realm</li>\r\n</ol>\r\n\r\n<p>ini sebaiknya dipelajari setelah benar-benar belajar API</p>\r\n\r\n<hr />\r\n<p>Keenam Belajar membuat Aplikasi berdasarkan studi kasus tentu ini akan lebih banyak dari pada aplikasi sederhana diatas</p>\r\n\r\n<p>contohnya</p>\r\n\r\n<ol>\r\n	<li>Membuat Register, login dan session</li>\r\n	<li>Audio / Video Streaming</li>\r\n	<li>Youtube player</li>\r\n	<li>Print dengan bluetooth</li>\r\n</ol>\r\n\r\n<hr />\r\n<p>Ketujuh Belajar Basis Data (Database)</p>\r\n\r\n<ol>\r\n	<li>MySQL, Postgree</li>\r\n	<li>File Management</li>\r\n</ol>\r\n\r\n<hr />\r\n<p>Kedelapan Belajar API (Aplication Programming Interface)</p>\r\n\r\n<ol>\r\n	<li>PHP(GET, POST, PUT, DELETE)</li>\r\n	<li>API Documentation seperti RajaOngkir</li>\r\n</ol>\r\n\r\n<hr />\r\n<p>Kesembilan Belajar Cloud Firebase dengan menggunakan Cloud Firebase kita bisa merampingkan proses development pada umumnya membuat program itu terpisah-pisah database mysql, API php dan pemograman kotlin dengan bantuan layanan dari Google Cloud Firebase</p>\r\n\r\n<p>karena menurut penjelasan masnya dengan menggunakan Cloud Firebase kita juga menggunakan Cloud Function Firebase karena semuanya dikerjakan didalam Firebase bahkan di Firebase Juga disediakan Firebase Aunthentication cuma di Firebase kita dituntut untuk segera melakukan Upgrade untuk menjadi member premium</p>\r\n\r\n<hr />\r\n<p>Kesepuluh Belajar Design Pattern / Clean Architecture ini Next Level kalau dasar sudah benar-benar matang</p>\r\n\r\n<ol>\r\n	<li>MVP</li>\r\n	<li>MVVM</li>\r\n	<li>Android Jetpack</li>\r\n</ol>\r\n'),
(20, 1, NULL, 'Bagaimana untuk memulai/membuat sebuah proyek baru dalam android studio', NULL, 'Bagaimana-untuk-memulaimembuat-sebuah-proyek-baru-dalam-android-studio', '', 0, '2021-08-16 11:08:15', '2021-08-17 12:28:33', NULL, '<p>Sumber : <a href=\"https://abhiandroid.com/androidstudio/start-create-project\" target=\"_blank\">abhiandroid.com/androidstudio/start-create-project</a></p>\r\n\r\n<hr />\r\n<p>We create or start a new project in android studio to create a new Mobile Application for Android. To create a new project we need to enter the Application name, Company Domain, choose Phone and Tablet, fill Minimum SDK, Activity details and Activity Name &amp; Layout Name in the text box. Below is the step by step guide.</p>\r\n\r\n<p>[row][col-12][box_kontainer][box_judul]How To Start / Create a New Project In Android Studio:[/box_judul][box_isi]To create a new project perform the following steps:</p>\r\n\r\n<p><strong>Step 1:</strong> Firstly, open the Android Studio. You will see &ldquo;Welcome to Android Studio&rdquo; on your computer screen. After that you click on &ldquo;Start a new Android Studio project&rdquo;.</p>\r\n\r\n<p><img alt=\"start a new project in android studio\" src=\"[base_url]imgss/start-a-new-project-in-android-studio_1.jpg\" style=\"height:339px; width:544px\" /></p>\r\n\r\n<p><strong>Step 2: </strong>After that you will see &ldquo;New Project Android Studio&rdquo; on your computer screen. Here enter the &ldquo;Application name&rdquo; and Type the &ldquo;Company Domain&rdquo; in the text box and then Click Next button.</p>\r\n\r\n<p>[span-merah]<strong>Important Note</strong>[/span]<strong>:</strong> Company domain is used to uniquely identify the App. So two App with same Application name will have different company domain. Another thing to know is that company domain is written in reverse. Ex: com.abhiandroid</p>\r\n\r\n<p><img alt=\"start a new project in android studio\" src=\"[base_url]imgss/start-a-new-project-in-android-studio_2.jpg\" style=\"height:351px; width:683px\" /></p>\r\n\r\n<p><strong>Step 3:</strong> After that you will see &ldquo;Target Android Devices&rdquo; on your computer screen and here select the form factors your app will run on. Select &ldquo;Phone and Tablet&rdquo; field and enter the &ldquo;Minimum SDK&rdquo; in the text box and then Click Next button.</p>\r\n\r\n<p><img alt=\"start a new project in android studio\" src=\"[base_url]imgss/start-a-new-project-in-android-studio_3.jpg\" style=\"height:351px; width:683px\" /></p>\r\n\r\n<p><strong>Step 4:</strong> After that you will see Add an activity to Mobile on your computer screen and Select the &ldquo;Activity&rdquo; as per requirement and then Click Next button. We selected Empty Activity.</p>\r\n\r\n<p><img alt=\"start a new project in android studio\" src=\"[base_url]imgss/start-a-new-project-in-android-studio_4.jpg\" style=\"height:391px; width:691px\" /></p>\r\n\r\n<p><strong>Step 5:</strong> After that you will see Customize the Activity on your computer screen and enter the &ldquo;Activity Name&rdquo; in the text box and enter the &ldquo;Layout Name&rdquo; in the text box and then Click Finish button. Here JAVA and XML file will be created.</p>\r\n\r\n<p><strong>Activity Name &ndash;</strong> Name of JAVA file for programming</p>\r\n\r\n<p><strong>Layout Name &ndash;</strong> Name of XML file for designing UI</p>\r\n\r\n<p><img alt=\"start a new project in android studio\" src=\"[base_url]imgss/start-a-new-project-in-android-studio_5.jpg\" style=\"height:393px; width:724px\" />[/div][/div][/div][/div][row][col-12]</p>\r\n\r\n<p>[box_kontainer][box_judul]How To Start A New Project When A Project Is Already Open In Android Studio:[/box_judul][box_isi]</p>\r\n\r\n<p><strong>Step 1</strong>: Firstly, we will Click on File.</p>\r\n\r\n<p><img alt=\"start a new project in android studio\" src=\"[base_url]imgss/start-a-new-project-in-android-studio_6.jpg\" style=\"height:224px; width:309px\" /></p>\r\n\r\n<p><strong>Step 2:</strong> After that we will Click on New.</p>\r\n\r\n<p><img alt=\"start a new project in android studio\" src=\"[base_url]imgss/start-a-new-project-in-android-studio_7.jpg\" style=\"height:203px; width:459px\" /></p>\r\n\r\n<p><strong>Step 3:</strong> After that we will Click on New Project.</p>\r\n\r\n<p><img alt=\"start a new project in android studio\" src=\"[base_url]imgss/start-a-new-project-in-android-studio_8.jpg\" style=\"height:244px; width:451px\" /></p>\r\n\r\n<p>After that you will see &ldquo;New Project Android Studio&rdquo; on your computer screen and follow the same steps as we discussed in the first part of this article.</p>\r\n\r\n<p>[cp_modal display=&quot;inline&quot; id=&quot;cp_id_e19ea&quot;][/cp_modal]<br />\r\n[/div][/div][/div][/div]</p>'),
(21, 1, NULL, 'Setting Codeigniter 3 (myStyle)', NULL, 'Setting-Codeigniter-3-myStyle', '', 0, '2021-08-30 12:01:27', '2021-08-30 12:50:32', NULL, '<p>Melakukan pengaturan pada codeigniter 3 yang baru di download</p>\r\n\r\n<p>[row][col-3][box_kontainer][box_judul]Folder confilg file autoload.php[/box_judul][box_isi]<br />\r\nline 61</p>\r\n\r\n<p>[pre]$autoload[&#39;libraries&#39;] = array(&#39;database&#39;,&#39;table&#39;,&#39;session&#39;,&#39;upload&#39;);[/pre]</p>\r\n\r\n<p>line 92</p>\r\n\r\n<p>[pre]$autoload[&#39;helper&#39;] = array(&#39;[span-merah]bmhwa[/span]&#39;,&#39;url&#39;,&#39;file&#39;,&#39;form&#39;);[/pre]</p>\r\n\r\n<p>line 135</p>\r\n\r\n<p>[pre]$autoload[&#39;model&#39;] = array(&#39;[span-merah]M_general[/span]&#39;);[/pre]<br />\r\n[/div][/div][/div][col-3][box_kontainer][box_judul]Folder config file config.php[/box_judul][box_isi]<br />\r\nline 26</p>\r\n\r\n<p>[pre]$config[&#39;base_url&#39;] = (isset($_SERVER[&#39;HTTPS&#39;]) ? &quot;https://&quot; : &quot;http://&quot;).$_SERVER[&#39;HTTP_HOST&#39;].</p>\r\n\r\n<p>str_replace(basename($_SERVER[&#39;SCRIPT_NAME&#39;]),&quot;&quot;,</p>\r\n\r\n<p>$_SERVER[&#39;SCRIPT_NAME&#39;]);[/pre]</p>\r\n\r\n<p>[/div][/div][/div][col-3][box_kontainer][box_judul]File yang perlu ditambahkan[/box_judul][box_isi]<br />\r\nFolder Helper <em>..._helper.php</em></p>\r\n\r\n<p>Folder Models <em>M_general.php</em><br />\r\n[/div][/div][/div][/div]</p>\r\n'),
(22, 1, NULL, 'Error elect list is not Group by clause and contains nonaggregated', NULL, 'Error-elect-list-is-not-Group-by-clause-and-contains-nonaggregated', '', 0, '2021-09-10 03:58:57', '2021-09-10 03:58:57', NULL, '<p>Contoh Error</p>\r\n\r\n<blockquote>\r\n<p>Error Number: 1055</p>\r\n\r\n<p>Expression #3 of SELECT list is not in GROUP BY clause and contains nonaggregated column &#39;systemgate.danakeluar.dk_wilayah&#39; which is not functionally dependent on columns in GROUP BY clause; this is incompatible with sql_mode=only_full_group_by</p>\r\n\r\n<p>SELECT COUNT(*) AS jml, SUM(dk_saldo) AS saldo, dk_wilayah, dk_gt_kode FROM danakeluar WHERE dk_tanggal BETWEEN &#39;2021-09-01 00:00:00&#39; AND &#39;2021-09-10 23:59:59&#39; GROUP BY dk_gt_kode ORDER BY saldo DESC LIMIT 10</p>\r\n\r\n<p>Filename: modules/danakeluar/models/M_danakeluar.php</p>\r\n\r\n<p>Line Number: 82</p>\r\n</blockquote>\r\n\r\n<p>solusinya ada di phpmyadmin &gt; variables &gt; cari sql_mode</p>\r\n\r\n<p>Semula</p>\r\n\r\n<p>[pre]ONLY_FULL_GROUP_BY,STRICT_TRANS_TABLES,NO_ZERO_IN_DATE,NO_ZERO_DATE,ERROR_FOR_DIVISION_BY_ZERO,NO_AUTO_CREATE_USER,NO_ENGINE_SUBSTITUTION[/pre]</p>\r\n\r\n<p>lalu hapus <strong>ONLY_FULL_GROUP_BY</strong></p>\r\n\r\n<p>[pre]STRICT_TRANS_TABLES,NO_ZERO_IN_DATE,NO_ZERO_DATE,ERROR_FOR_DIVISION_BY_ZERO,NO_AUTO_CREATE_USER,NO_ENGINE_SUBSTITUTION[/pre]</p>\r\n'),
(23, 1, NULL, 'Cara install composer pada Mac OSX', NULL, 'Cara-install-composer-pada-Mac-OSX', '', 0, '2021-09-11 12:22:14', '2021-09-11 12:22:14', NULL, '<p>sumber : <a href=\"https://www.malasngoding.com/cara-install-composer/\" target=\"_blank\">https://www.malasngoding.com/cara-install-composer/</a></p>\r\n\r\n<hr />\r\n<p>&nbsp;</p>\r\n'),
(24, 1, NULL, 'Perintah-perintah terminal larval', NULL, 'Perintah-perintah-terminal-larval', '', 0, '2021-09-12 01:39:06', '2021-09-14 09:04:56', NULL, '<p><strong>Perintah-perintah terminal Larval dengan composer</strong><br />\r\n**dengan catatan perintah-perintah ini bisa dilakukan apabila copmposer sudah diinstall. pembahasan cara install composer ada di artikel yang lain</p>\r\n\r\n<p>pertama : mebuat proyek, perintah ini akan mendownload folder-folder dan file-file yang diperlukan untuk membuat proyek menggunakan laravel</p>\r\n\r\n<p>[pre]composer create-project --prefer-dist laravel/laravel nama_projectnya (&radic;)[/pre]</p>\r\n\r\n<p>atau</p>\r\n\r\n<p>[pre]composer create-project laravel/laravel nama_projectnya (&radic;)[/pre]</p>\r\n\r\n<p>kedua : mengakses project melalui browser bisa kita lakukan dengan [em-merah]localhost/nama_projectnya/public[/em] atau dengan menggunakan artisan, ketikan<br />\r\n[pre]php artisan serve[/pre]</p>\r\n'),
(25, 1, NULL, 'Perintah-perintah terminal Mac OSX', NULL, 'Perintah-perintah-terminal-Mac-OSX', '', 0, '2021-09-12 02:03:35', '2021-09-12 02:12:27', NULL, '<p>Perintah-perintah terminal</p>\r\n\r\n<ul>\r\n	<li>Menghentikan proses [em-merah]Control + C[/em]</li>\r\n	<li>Move a file [em-merah]mv ../folder/myFile.txt ../folder/myFile1.txt[/em]</li>\r\n	<li>Copy a file [em-merah]cp ../folder/myFile.txt ../folder/myFile1.txt[/em]</li>\r\n	<li>Hapus a file [em-merah]rm ../folder/myFile.txt[/em]</li>\r\n</ul>\r\n\r\n<p>&nbsp;</p>\r\n'),
(26, 1, NULL, 'Routing', NULL, 'Routing', '', 0, '2021-09-12 12:03:40', '2021-09-12 03:58:56', NULL, '<p>Routing<br />\r\n**routing bisa dikatakan juga adalah jalur akses lokasi file [em-kuning]/routes/web.php[/em]<br />\r\nscript default-nya</p>\r\n\r\n<p>[pre] Route::get(&#39;/&#39;, function() { return view(&#39;index&#39;); }); [/pre]</p>\r\n\r\n<p>script ini akan menampilkan view langsung [em-kuning]/resources/views/welcome.blade.php[/em].</p>\r\n\r\n<p>kalau ingin menampilkan views didalam folder kita bisa memodifikasi sedikit ambil contoh nama foldernya</p>\r\n\r\n<p>[pre] Route::get(&#39;/&#39;, function() { return view(&#39;home.index&#39;); }); [/pre]</p>\r\n\r\n<p>cara router yang lain</p>\r\n\r\n<p>[pre] Route::get([span-merah]&#39;/test&#39;[/span], function() { return view(&#39;home.index&#39;); }); [/pre]</p>\r\n\r\n<hr />\r\n<h1>Routing dengan parameter</h1>\r\n\r\n<p>[pre]</p>\r\n\r\n<p>Route::get(&#39;user/{id}/{name}&#39;, function ($id, $name) {</p>\r\n\r\n<p>&nbsp;&nbsp;&nbsp;&nbsp;return &#39;ID :&#39;.$id.&#39;&lt;br/&gt;Name :&#39; .$name;</p>\r\n\r\n<p>});</p>\r\n\r\n<p>[/pre]</p>\r\n'),
(27, 1, NULL, 'Migrations', NULL, 'Migrations', '', 0, '2021-09-14 09:18:20', '2021-09-14 12:59:51', NULL, '<p>Migrations</p>\r\n\r\n<p>**Semacam model dalam codeigniter<br />\r\n[pre]php artisan make:model kota -m[/pre]</p>\r\n\r\n<p>selanjutnya cek file di [em-merah]database/migrations[/em] sudah ada file baru yang nama file-nya mengikuti tanggal hari pembuatannya lalu kalau di buka pada baris 14 ada [em-merah]function up()[/em] disama silahkan tulis kolom-kolom yang diperlukan<br />\r\n&nbsp;&nbsp; &nbsp;1.&nbsp;&nbsp; &nbsp;$table-&gt;timestamps(); &mdash;&gt; jika perlu timestamps</p>\r\n\r\n<p>[pre]php artisan migrate[/pre]</p>\r\n\r\n<p>**Error</p>\r\n\r\n<p><strong>Error migrations pada Mac OSX</strong></p>\r\n\r\n<p>[pre]php artisan migrate[/pre]<br />\r\npada mac kami menemui beberapa error saat script itu di ketikan pada Terminal</p>\r\n\r\n<blockquote>\r\n<p>SQLSTATE[HY000][2002]&nbsp; Connection refused (SQL: select * from information_scema.tables where table_scema = toko_pembelian_1 and table_name = migrations)</p>\r\n</blockquote>\r\n\r\n<p>solusinya</p>\r\n\r\n<p>error ini disebabkan tidak bisa terhubung karena ditolak koneksinya, masalahnya kalau MAMP itu perlu diberikan socket</p>\r\n\r\n<p>jadi di file [code].env[/code] tambahkan [em-merah]DB_SOCKET=/Applications/MAMP/tmp/mysql/mysql.sock[/em] dan di file [code]database.php[/code] pada settingan SQL [em-merah]&#39;unix_socket&#39; =&gt; env(&#39;DB_SOCKET&#39;, &#39;/Applications/MAMP/tmp/mysql/mysql.sock&#39;)[/em]</p>\r\n'),
(28, 1, NULL, 'Bahasa Inggris', NULL, 'Bahasa-Inggris', '', 0, '2021-09-15 08:57:09', '2021-09-24 02:11:11', NULL, '<p>[row][col-6][box_kontainer] [box_judul]IDIOMS[/box_judul] [box_isi]</p>\r\n\r\n<table border=\"1\" cellpadding=\"1\" cellspacing=\"1\" style=\"width:100%\">\r\n	<tbody>\r\n		<tr>\r\n			<th>Kalimat</th>\r\n			<th>Maksud/keterangan</th>\r\n		</tr>\r\n		<tr>\r\n			<td>things might actually</td>\r\n			<td>Hal-hal mungkin benar-benar</td>\r\n		</tr>\r\n		<tr>\r\n			<td>&nbsp;</td>\r\n			<td>&nbsp;</td>\r\n		</tr>\r\n	</tbody>\r\n</table>\r\n\r\n<p>[/div] [/div][/div][col-6][box_kontainer] [box_judul]Kamus[/box_judul] [box_isi]</p>\r\n\r\n<table border=\"1\" cellpadding=\"1\" cellspacing=\"1\" style=\"width:100%\">\r\n	<tbody>\r\n		<tr>\r\n			<th>Kata</th>\r\n			<th>Maksud/keterangan</th>\r\n		</tr>\r\n		<tr>\r\n			<td>hustle</td>\r\n			<td>Keramaian</td>\r\n		</tr>\r\n		<tr>\r\n			<td>obvious</td>\r\n			<td>jelas</td>\r\n		</tr>\r\n		<tr>\r\n			<td>cowardly</td>\r\n			<td>pengecut</td>\r\n		</tr>\r\n		<tr>\r\n			<td>compliment</td>\r\n			<td>pujian</td>\r\n		</tr>\r\n		<tr>\r\n			<td>obvious</td>\r\n			<td>nyata</td>\r\n		</tr>\r\n		<tr>\r\n			<td>precious</td>\r\n			<td>berharga</td>\r\n		</tr>\r\n		<tr>\r\n			<td>fend</td>\r\n			<td>berjuang</td>\r\n		</tr>\r\n		<tr>\r\n			<td>sincerity</td>\r\n			<td>ketulusan</td>\r\n		</tr>\r\n		<tr>\r\n			<td>stingy</td>\r\n			<td>kikir</td>\r\n		</tr>\r\n		<tr>\r\n			<td>harassment</td>\r\n			<td>pelecehan</td>\r\n		</tr>\r\n		<tr>\r\n			<td>revenge</td>\r\n			<td>balas dendam</td>\r\n		</tr>\r\n		<tr>\r\n			<td>coincidence</td>\r\n			<td>kebetulan</td>\r\n		</tr>\r\n		<tr>\r\n			<td>fuss</td>\r\n			<td>heboh</td>\r\n		</tr>\r\n	</tbody>\r\n</table>\r\n\r\n<p>[/div] [/div][/div][/div]</p>\r\n'),
(29, 1, NULL, 'Seeder', NULL, 'Seeder', '', 0, '2021-09-15 10:06:51', '2021-09-15 10:50:40', NULL, '<p><strong>Seeder</strong></p>\r\n\r\n<p>**cara laravel untuk mengisi data selain pakai inset dari form dan Faker<br />\r\n[pre]php artisan make:seeder kotastableseeder[/pre]<br />\r\nscript untuk membuat seeder lokasi [em-merah]database/seeder/disini.php[/em] isi datanya disitu juga caranya<br />\r\n[pre]<br />\r\n&nbsp;&nbsp; &nbsp;\\App\\Kendaraan::insert([<br />\r\n&nbsp;&nbsp;&nbsp;&nbsp;&nbsp;&nbsp;&nbsp;&nbsp;&nbsp;&nbsp;&nbsp;&nbsp;[<br />\r\n&nbsp;&nbsp;&nbsp;&nbsp;&nbsp;&nbsp;&nbsp;&nbsp;&nbsp;&nbsp;&nbsp;&nbsp;&nbsp;&nbsp;&#39;nama_kendaraan&#39;&nbsp;&nbsp;=&gt; &#39;mobil&#39;,<br />\r\n&nbsp;&nbsp;&nbsp;&nbsp;&nbsp;&nbsp;&nbsp;&nbsp;&nbsp;&nbsp;&nbsp;&nbsp;&nbsp;&nbsp;&#39;jenis_kendaraan&#39; =&gt; &#39;roda empat&#39;,<br />\r\n&nbsp;&nbsp;&nbsp;&nbsp;&nbsp;&nbsp;&nbsp;&nbsp;&nbsp;&nbsp;&nbsp;&nbsp;&nbsp;&nbsp;&#39;buatan&#39;&nbsp;&nbsp;&nbsp;&nbsp;&nbsp;&nbsp;&nbsp;&nbsp;&nbsp;&nbsp;=&gt; &#39;jepang&#39;,<br />\r\n&nbsp;&nbsp;&nbsp;&nbsp;&nbsp;&nbsp;&nbsp;&nbsp;&nbsp;&nbsp;&nbsp;&nbsp;&nbsp;&nbsp;&#39;created_at&#39;&nbsp;&nbsp;&nbsp;&nbsp;&nbsp;&nbsp;=&gt; \\Carbon\\Carbon::now(&#39;Asia/Jakarta&#39;)<br />\r\n&nbsp;&nbsp;&nbsp;&nbsp;&nbsp;&nbsp;&nbsp;&nbsp;&nbsp;&nbsp;&nbsp;&nbsp;],<br />\r\n&nbsp;&nbsp;&nbsp;&nbsp;&nbsp;&nbsp;&nbsp;&nbsp;&nbsp;&nbsp;&nbsp;&nbsp;[<br />\r\n&nbsp;&nbsp;&nbsp;&nbsp;&nbsp;&nbsp;&nbsp;&nbsp;&nbsp;&nbsp;&nbsp;&nbsp;&nbsp;&nbsp;&#39;nama_kendaraan&#39;&nbsp;&nbsp;=&gt; &#39;motor&#39;,<br />\r\n&nbsp;&nbsp;&nbsp;&nbsp;&nbsp;&nbsp;&nbsp;&nbsp;&nbsp;&nbsp;&nbsp;&nbsp;&nbsp;&nbsp;&#39;jenis_kendaraan&#39; =&gt; &#39;roda dua&#39;,<br />\r\n&nbsp;&nbsp;&nbsp;&nbsp;&nbsp;&nbsp;&nbsp;&nbsp;&nbsp;&nbsp;&nbsp;&nbsp;&nbsp;&nbsp;&#39;buatan&#39;&nbsp;&nbsp;&nbsp;&nbsp;&nbsp;&nbsp;&nbsp;&nbsp;&nbsp;&nbsp;=&gt; &#39;china&#39;,<br />\r\n&nbsp;&nbsp;&nbsp;&nbsp;&nbsp;&nbsp;&nbsp;&nbsp;&nbsp;&nbsp;&nbsp;&nbsp;&nbsp;&nbsp;&#39;created_at&#39;&nbsp;&nbsp;&nbsp;&nbsp;&nbsp;&nbsp;=&gt; \\Carbon\\Carbon::now(&#39;Asia/Jakarta&#39;)<br />\r\n&nbsp;&nbsp;&nbsp;&nbsp;&nbsp;&nbsp;&nbsp;&nbsp;&nbsp;&nbsp;&nbsp;&nbsp;],<br />\r\n&nbsp;&nbsp;&nbsp;&nbsp;&nbsp;&nbsp;&nbsp;&nbsp;&nbsp;&nbsp;&nbsp;&nbsp;[<br />\r\n&nbsp;&nbsp;&nbsp;&nbsp;&nbsp;&nbsp;&nbsp;&nbsp;&nbsp;&nbsp;&nbsp;&nbsp;&nbsp;&nbsp;&#39;nama_kendaraan&#39;&nbsp;&nbsp;=&gt; &#39;sepeda&#39;,<br />\r\n&nbsp;&nbsp;&nbsp;&nbsp;&nbsp;&nbsp;&nbsp;&nbsp;&nbsp;&nbsp;&nbsp;&nbsp;&nbsp;&nbsp;&#39;jenis_kendaraan&#39; =&gt; &#39;roda dua&#39;,<br />\r\n&nbsp;&nbsp;&nbsp;&nbsp;&nbsp;&nbsp;&nbsp;&nbsp;&nbsp;&nbsp;&nbsp;&nbsp;&nbsp;&nbsp;&#39;buatan&#39;&nbsp;&nbsp;&nbsp;&nbsp;&nbsp;&nbsp;&nbsp;&nbsp;&nbsp;&nbsp;=&gt; &#39;china&#39;,<br />\r\n&nbsp;&nbsp;&nbsp;&nbsp;&nbsp;&nbsp;&nbsp;&nbsp;&nbsp;&nbsp;&nbsp;&nbsp;&nbsp;&nbsp;&#39;created_at&#39;&nbsp;&nbsp;&nbsp;&nbsp;&nbsp;&nbsp;=&gt; \\Carbon\\Carbon::now(&#39;Asia/Jakarta&#39;)<br />\r\n&nbsp;&nbsp;&nbsp;&nbsp;&nbsp;&nbsp;&nbsp;&nbsp;&nbsp;&nbsp;&nbsp;&nbsp;],<br />\r\n&nbsp;&nbsp;&nbsp;&nbsp;&nbsp;&nbsp;&nbsp;&nbsp;]);<br />\r\n[/pre]<br />\r\nsetelah itu buka file [em-merah]<code>DatabaseSeeder</code>.php[/em] tambahkan script</p>\r\n\r\n<p>[pre] // $this-&gt;call(UsersTableSeeder::class);<br />\r\n&nbsp;&nbsp;$this-&gt;call(KendaraansTableSeeder::class); // tambahkan line ini [/pre]</p>\r\n\r\n<p>untuk menjalankan<br />\r\n[pre]php artisan db:seed[/pre]<br />\r\ncatatan jika hanya ingin mengeksekusi satu file tinggal tambahkan<br />\r\n[pre]--class=NamaFilenya[/pre]<br />\r\ntanpa ekstensi [code].php[/code]</p>\r\n'),
(30, 1, NULL, 'Anjuran untuk meringankan sholat', NULL, 'Anjuran-untuk-meringankan-sholat', '', 0, '2021-11-16 02:07:10', '2022-05-26 12:43:58', NULL, '*Anjuran untuk meringankan sholat*\r\n\r\nBeliau Shallallahu’alaihi Wasallam bersabda:\r\n\r\n‎أسوأ الناس سرقة الذي يسرق من صلاته“. قالوا: يا رسول الله! وكيف يسرق من صلاته؟ قال: لا يُتمّ ركوعها وسجودها\r\n\r\n“Pencuri yang paling bejat adalah orang yang mencuri dalam shalatnya”. Para sahabat bertanya: “Wahai Rasulullah, bagaimana mencuri dalam shalat itu?”. Beliau menjawab: “Yaitu dengan tidak menyempurnakan rukuk dan sujudnya” (HR. Ibnu Hibban no. 1888,).\r\n\r\nNamun ada beberapa shalat yang disyariatkan dikerjakan dengan ringan dan ringkas, tidak berlama-lama. Yaitu beberapa shalat berikut ini:\r\n\r\n1. Shalat sunnah thawaf\r\nDalam hadits Jabir bin Abdillah radhiallahu’anhu, ia mengatakan:\r\n\r\n‎فَجَعَلَ المَقَامَ بيْنَهُ وبيْنَ البَيْتِ كانَ يَقْرَأُ في الرَّكْعَتَيْنِ {قُلْ هو اللَّهُ أَحَدٌ} وَ{قُلْ يا أَيُّهَا الكَافِرُونَ}\r\n\r\n“Nabi Shallallahu’alaihi Wasallam (setelah thawaf) beliau menjadikan maqam ibrahim ada di antara beliau dan Ka’bah. Kemudian dalam shalat tersebut beliau membaca surat Qulhuwallahu ahad dan Qul yaa ayyuhal kafirun” (HR. Muslim no. 1218).\r\n\r\n2. Shalat sunnah fajar (qobliyah subuh)\r\nDari Aisyah radhiallahu’anha, ia berkata:\r\n\r\n‎كانَ النبيُّ صَلَّى اللهُ عليه وسلَّمَ يُصَلِّي رَكْعَتَيْنِ خَفِيفَتَيْنِ بيْنَ النِّدَاءِ والإِقَامَةِ مِن صَلَاةِ الصُّبْحِ\r\n\r\n“Rasulullah Shallallahu’alaihi Wasallam biasanya shalat dua rakaat yang ringan antara adzan dan iqamah shalat subuh” (HR. Bukhari no. 619, Muslim no. 738).\r\n\r\n\r\n3. Shalat sunnah tahiyatul masjid di hari Jum’at jika datang ketika khatib sudah khutbah\r\n\r\nDari Jabir bin Abdillah radhiallahu’anhu, ia berkata:\r\n\r\n‎جَاءَ سُلَيْكٌ الْغَطَفَانِيُّ يَوْمَ الْجُمُعَةِ ، وَرَسُولُ اللهِ صَلَّى اللهُ عَلَيْهِ وَسَلَّمَ يَخْطُبُ ، فَجَلَسَ ، فَقَالَ لَهُ : ( يَا سُلَيْكُ ، قُمْ فَارْكَعْ رَكْعَتَيْنِ ، وَتَجَوَّزْ فِيهِمَا)، ثم قال: (إِذَا جَاءَ أَحَدُكُمْ يَوْمَ الْجُمُعَةِ ، وَالْإِمَامُ يَخْطُبُ ، فَلْيَرْكَعْ رَكْعَتَيْنِ ، وَلْيَتَجَوَّزْ فِيهِمَا\r\n\r\n“Sulaik Al Ghathafani atang di hari Jum’at ketika Rasulullah Shallallahu’alaihi Wasallam sudah berkhutbah. Sulaik pun duduk. Maka Nabi bersabda: wahai Sulaik, berdirilah kemudian shalat dua rakaat dan percepatlah shalatnya”. Kemudian setelah itu Nabi bersabda: “Jika kalian mendatangi masjid di hari Jum’at ketika imam sudah berkhutbah, maka shalatlah dua raka’at dan percepatlah shalatnya” (HR. Muslim no. 875).\r\n\r\n4. Jika di tengah shalat sunnah, kemudian sudah dikumandangkan iqamah\r\n\r\nNabi Shallallahu’alaihi Wasallam bersabda:\r\n\r\n‎إذا أقيمت الصلاة فلا صلاة إلا المكتوبة\r\n\r\n“Jika iqamah dikumandangkan, maka tidak ada shalat lagi selain shalat wajib” (HR. Muslim no. 710).\r\n\r\n5. Jika di tengah shalat, imam mendengar anak kecil menangis\r\n\r\nDari Anas bin Malik radhiallahu’anhu, Nabi Shallallahu’alaihi Wasallam bersabda:\r\n\r\n‎إِنِّي لَأَدْخُلُ فِي الصَّلاَةِ وَأَنَا أُرِيدُ إِطَالَتَهَا، فَأَسْمَعُ بُكَاءَ الصَّبِيِّ، فَأَتَجَوَّزُ فِي صَلاَتِي مِمَّا أَعْلَمُ مِنْ شِدَّةِ وَجْدِ أُمِّهِ مِنْ بُكَائِهِ\r\n\r\n“Aku pernah mengimami shalat dan aku berniat untuk memperpanjang shalat tersebut. Namun aku mendengar tangisan anak kecil. Maka aku ringkas shalat tersebut karena aku memahami betapa berat perasaan ibunya karena tangisan anaknya” (HR. Bukhari no. 709, Muslim no. 470).'),
(31, 1, NULL, 'Cara Membuat Library Sendiri di Codeigniter', NULL, 'Cara-Membuat-Library-Sendiri-di-Codeigniter', '', 0, '2021-11-18 01:34:34', '2021-11-18 01:34:34', NULL, '<p style=\"text-align: left;\"><strong>Cara Membuat Library Sendiri di Codeigniter</strong><br /><br />pertama buat file di \"application/libraries/malasngoding.php\"<br />[pre]<br />&lt;?php <br /><br />class Malasngoding{<br /><br />&nbsp;&nbsp; &nbsp;function nama_saya(){<br />&nbsp;&nbsp; &nbsp;&nbsp;&nbsp; &nbsp;echo \"Nama saya adalah malasngoding !\";<br />&nbsp;&nbsp; &nbsp;}<br /><br />&nbsp;&nbsp; &nbsp;function nama_kamu($nama){<br />&nbsp;&nbsp; &nbsp;&nbsp;&nbsp; &nbsp;echo \"Nama kamu adalah \". $nama .\" !\";<br />&nbsp;&nbsp; &nbsp;}<br />}<br />[/pre]<br /><br />selanjutnya di controller<br />[pre]<br />&lt;?php<br />defined(\'BASEPATH\') OR exit(\'No direct script access allowed\');<br /><br />class Ngoding extends CI_Controller {<br />&nbsp;&nbsp; &nbsp;<br />&nbsp;&nbsp; &nbsp;function index(){<br />&nbsp;&nbsp; &nbsp;&nbsp;&nbsp; &nbsp;$this-&gt;load-&gt;library(\'malasngoding\');<br />&nbsp;&nbsp; &nbsp;&nbsp;&nbsp; &nbsp;$this-&gt;malasngoding-&gt;nama_saya();<br />&nbsp;&nbsp;&nbsp;&nbsp;&nbsp;&nbsp;&nbsp;&nbsp;&nbsp;&nbsp;&nbsp;&nbsp;&nbsp;&nbsp;&nbsp; echo \"&lt;br/&gt;\";<br />&nbsp;&nbsp;&nbsp;&nbsp;&nbsp;&nbsp;&nbsp;&nbsp;&nbsp;&nbsp;&nbsp;&nbsp;&nbsp;&nbsp;&nbsp; $this-&gt;malasngoding-&gt;nama_kamu(\"Andi\");<br />&nbsp;&nbsp; &nbsp;}<br /><br />}<br />[/pre]<br /><br /><br />selanjutnya bisa di improve sendiri</p>'),
(32, 1, NULL, 'Box container', NULL, 'Box-container', '', 0, '2022-01-16 05:32:03', '2022-01-16 05:34:40', NULL, '<p>[pre]\r\n&lt;div class=\"box box-warning\">\r\n	&lt;div class=\"box-header with-border\">\r\n		&lt;h3 class=\"box-title\">Collapsable&lt;/h3>\r\n\r\n			&lt;div class=\"box-tools pull-right\">\r\n				&lt;button type=\"button\" class=\"btn btn-box-tool\" data-widget=\"collapse\">&lt;i class=\"fa fa-minus\">&lt;/i>\r\n				&lt;/button>\r\n			&lt;/div>\r\n			&lt;!-- /.box-tools -->\r\n	&lt;/div>\r\n	&lt;!-- /.box-header -->\r\n	&lt;div class=\"box-body\">\r\n		The body of the box\r\n	&lt;/div>\r\n	&lt;!-- /.box-body -->\r\n&lt;/div>\r\n&lt;!-- /.box -->\r\n[/pre]</p>\r\n'),
(33, 1, NULL, 'Infaq Sedekah ibarat makanan dan minuman', NULL, 'Infaq-Sedekah-ibarat-makanan-dan-minuman', '', 0, '2022-02-15 10:41:10', '2022-06-02 06:02:22', NULL, '<p>pemanasan sebelum push up<br />\r\n1. leher<br />\r\n2. bahu putar2 sayap kedepan dan kebelakang<br />\r\n3. dada tangan kedepan lalu dilebarkan<br />\r\n4. bahu lagi, tangan kanan mendorong bahu siku kiri kebelakang melalui leher<br />\r\n5. triceps, tangan diangkat dan ditekuk setelah itu siku kiri ditarik kebawah dengan tangan kanan<br />\r\n6. putar putar seluruh anggota tangan, putar kedepan dan kebelakang<br />\r\n7. separuh push up<br />\r\n8. senam jari</p>\r\n'),
(34, 1, NULL, 'Codeigniter 4 router', NULL, 'Codeigniter-4-router', '', 0, '2022-05-26 11:11:17', '2022-05-26 11:11:47', NULL, 'Tiga istilah router dalam CI4\r\n<ol>\r\n	<li><em>Routes</em> adalah kumpulan definisi routing;</li>\r\n	<li><em>Router</em> adalah script yang menentukan routing;</li>\r\n	<li><em>Routing</em> adalah proses penentuan rute;</li>\r\n</ol>'),
(35, 1, NULL, 'Controller basic', NULL, 'Controller-basic', '', 0, '2022-05-26 04:26:05', '2022-05-26 05:09:18', NULL, '<p>dalam membuat controller huruf kapital di awal sangat penting contoh &quot;Page.php&quot;</p>\r\n\r\n<p>script pada controller di CI4 hampir mirip dengan CI3 ada kelas dan extends yang berbeda dalam penglihatan sekilas ada pada baris pertama script<br />\r\n[code]&lt;?php namespace App\\Controllers;[/code]</p>\r\n\r\n<p>dan biasannya kalau di CI3 seteleh extends itu &quot;CI_Controller&quot; kalau di CI4 setelah extends &quot;BaseController&quot;</p>\r\n\r\n<p>method tidak ada perbedaan antara CI3 dan CI4 dengan public dan function seperti biasa<br />\r\n[pre]<br />\r\npublic function about(){<br />\r\n&nbsp;&nbsp; &nbsp;echo &quot;about page&quot;;<br />\r\n}<br />\r\n[/pre]<br />\r\nyang menarik disini [code]echo[/code] masih bisa berjalan dengan baik sama dengan CI3 yang dibeberapa buku pernah dikritik karena tidak sepenuhnnya MVC</p>\r\n\r\n<p>ini yang penting controller yang berhubungan dengan router yaitu &lt;strong&gt;Nama method ini mengikuti nama yang sudah kita tentukan didalam rute&lt;/strong&gt;</p>\r\n\r\n<p>cara akses [code]localhost:8080/about[/code] ini menarik karena page nama kelas sama sekali tidak di sebut beda dengan CI3 yang harus sebut nama class dulu baru method, namun saya baru kepikiran jawabannya itu karena setting dari routers jadi kenapa page about tidak perlu menyebutkan nama page terlebih dahulu tapi langsung about itu karena script routers-nya [code]$routes-&gt;get(&#39;/about&#39;, &#39;Page::about&#39;);[/code] yang ditulus di file Routes.php jadi karena disetting router seperti itu maka request dan user interface akan mengakses index.php dahulu lalu diarahkan ke routes.php makanya semua terserah dari pengaturan routes.php</p>\r\n'),
(36, 1, NULL, 'Firefox akses error', NULL, 'Firefox-akses-error', '', 0, '2022-05-31 12:50:16', '2022-05-31 12:50:16', NULL, '<p>sebagai bentuk keamanan firefox membuat popup login seperti modal ini bukan data dari database tapi data di aplikasi firefox sendiri yang username dan passwordnya<br />\r\nusername : human<br />\r\npassword : password</p>\r\n'),
(37, 1, NULL, 'Cara Backup dan Restore', NULL, 'Cara-Backup-dan-Restore', '', 0, '2022-07-17 06:21:31', '2022-07-17 06:21:31', NULL, '<p>cara backup</p>\r\n\r\n<p>[pre]</p>\r\n\r\n<p>sudo mysqldump -u [user] -p [database_name] &gt; [filename].sql</p>\r\n\r\n<p>[/pre]</p>\r\n\r\n<p>cara restore</p>\r\n\r\n<p>[pre]</p>\r\n\r\n<pre>\r\n<code>mysql -u [user] -p [database_name] &lt; [filename].sql</code></pre>\r\n\r\n<p>[/pre]</p>\r\n'),
(38, 1, NULL, 'shortcut google drive', NULL, 'shortcut-google-drive', '', 0, '2022-07-20 09:08:46', '2022-07-20 09:08:46', NULL, '<h2>n &ndash; Rename a file/folder</h2>\r\n\r\n<p>The typical&nbsp;way to rename a file in Drive is to right-click on it and select Rename. However, you can do this with a single keystroke instead. When you have a file selected, just hit the <strong>n</strong>&nbsp;key and the rename window will automatically open.</p>\r\n\r\n<h2>. &ndash; Share a file/folder</h2>\r\n\r\n<p>If you&rsquo;re sharing a file, you usually click on the Share icon&nbsp;up at the top, or right-click the file and choose Share. But again, you can do this with a keyboard shortcut instead. This time, just select a file or folder and hit the <strong>period button.</strong> Then, the share dialog window will open and you can share it&nbsp;with others.</p>\r\n\r\n<h2>z &ndash; Move a file/folder</h2>\r\n\r\n<p>Moving a&nbsp;file or folder in Drive is an important tool for staying organized. Select the file or folder and&nbsp;hit the <strong>z</strong> key, and it&rsquo;ll open up a window where you can decide&nbsp;where you&rsquo;d like to move it.</p>\r\n\r\n<h2>s &ndash; Star a file/folder</h2>\r\n\r\n<p>Another organizational tool is starring items in Drive so that you can quickly pull up a list of the most important files you have stored. Typically, you&rsquo;d right-click on the file and click Add Star. (These files are then easily accessed by clicking on the &ldquo;Starred&rdquo; list on the left-hand side of the screen.) You can star files even more quickly by just selecting them and then hitting the <strong>s</strong> key. To unstar the file, hit <strong>s</strong> again.</p>\r\n\r\n<h2>qq &ndash; Adjust the display density</h2>\r\n\r\n<p>Do you like seeing a lot of space between your files? Or perhaps you like a more compact view? To adjust the display density of your Drive file list, just hit <strong>q&nbsp;</strong>and then&nbsp;<strong>q </strong>again. You can toggle through the settings (just hit qq again) to choose the display setting that you like best.</p>\r\n'),
(39, 1, NULL, 'shortcut mozilla firefox', NULL, 'shortcut-mozilla-firefox', '', 0, '2022-07-20 09:14:43', '2022-07-20 09:15:18', NULL, '<table border=\"1\">\r\n	<thead>\r\n		<tr>\r\n			<th>Command</th>\r\n			<th>Shortcut</th>\r\n		</tr>\r\n	</thead>\r\n	<tbody>\r\n		<tr>\r\n			<td>Back</td>\r\n			<td>Alt + &larr;<br />\r\n			Backspace*<br />\r\n			*when browser.backspace_action is set to 0 (as in the <a href=\"https://support.mozilla.org/en-US/kb/about-config-editor-firefox\">Configuration Editor</a>), which is not the default.</td>\r\n		</tr>\r\n		<tr>\r\n			<td>Forward</td>\r\n			<td>Alt + &rarr;<br />\r\n			Shift + Backspace*<br />\r\n			*see above.</td>\r\n		</tr>\r\n		<tr>\r\n			<td>Home</td>\r\n			<td>Alt + Home</td>\r\n		</tr>\r\n		<tr>\r\n			<td>Open File</td>\r\n			<td>Ctrl + O</td>\r\n		</tr>\r\n		<tr>\r\n			<td>Reload</td>\r\n			<td>F5<br />\r\n			Ctrl + R</td>\r\n		</tr>\r\n		<tr>\r\n			<td>Reload (override cache)</td>\r\n			<td>Ctrl + F5<br />\r\n			Ctrl + Shift + R</td>\r\n		</tr>\r\n		<tr>\r\n			<td>Stop</td>\r\n			<td>Esc</td>\r\n		</tr>\r\n	</tbody>\r\n</table>\r\n'),
(40, 1, NULL, 'Cara menyatukan text di Excel', NULL, 'Cara-menyatukan-text-di-Excel', '', 0, '2022-08-06 05:37:26', '2022-08-06 05:37:26', NULL, '<p>Cara menyatukan text di Excel</p>\r\n\r\n<p>1. cara kombinasi CONCATENATE, IF, dan ISBLANK<br />\r\n[pre]=CONCATENATE(IF(ISBLANK(B5),&quot;&quot;,B5),IF(ISBLANK(B6),&quot;&quot;,B6),IF(ISBLANK(B7),&quot;&quot;,B7),IF(ISBLANK(B8),&quot;&quot;,B8),IF(ISBLANK(B9),&quot;&quot;,B9))[/pre]</p>\r\n\r\n<p>2. menggunakan TEXTJOIN<br />\r\n[pre]=TEXTJOIN(delimiter,TRUE,range of cells)[/pre]</p>\r\n'),
(41, 1, NULL, 'Membandingkan tanggal', NULL, 'Membandingkan-tanggal', '', 0, '2022-08-08 03:36:26', '2022-08-08 03:48:44', NULL, '<h1>Operasi Tanggal Jam Strtotime/DateTime pada PHP</h1>\r\n\r\n<p>Poin pembahasan :<br />\r\n&ndash; Memformat tanggal jam<br />\r\n&ndash; Menambah atau mengurangi tanggal<br />\r\n&ndash; Membandingkan mana yang lebih dari atau kurang dari<br />\r\n&ndash; Mencari selisih dua tanggal<br />\r\n&ndash; Mencari daftar tanggal diantara dua tanggal<br />\r\n&ndash; Mencari selisih dua tanggal<br />\r\n&ndash; Validasi penulisan tanggal jam</p>\r\n\r\n<p>Strtotime merupakan fungsi yang disediakan oleh php yang menurut saya syuper sekali fungsi ini, karena dengan satu fungsi ini kita bisa menyelesaikan beberapa masalah yang berkaitan dengan tanggal dan jam.</p>\r\n\r\n<p>Misalnya kita ingin mengetahui lima hari lagi itu tanggal berapa ya? mungkin sebagian dari kita akan menggunakan cara tanggal sekarang + 5, misalnya sekarang tgl 5 + 5 berarti tanggal 10. Tapi akan masalah jika sekarang tgl 30, kan tidak mungkin tanggal 35, hehehe.</p>\r\n\r\n<p>Sebelum melanjutkan, apakah Anda sudah tau arti Y-m-d H:i:s atau d F Y? bagi yang belum tau saya sarankan untuk membaca <a href=\"https://php.net/manual/en/function.date.php\" target=\"_blank\">Date Manual</a> terlebih dahulu supaya tidak bingung nantinya.</p>\r\n\r\n<p><strong># Memformat tanggal jam</strong><br />\r\nMisalkan kita punya data tanggal seperti ini 2017-09-01 11:20:55 dan ingin menampilkan tanggal tersebut menjadi 01 september 2017, 11:20 maka kita cukup melakukan seperti ini:</p>\r\n\r\n<p>[pre]</p>\r\n\r\n<p><code>&lt;?php</code><br />\r\n<code>$data</code> <code>= </code><code>&quot;2017-09-01 11:20:55&quot;</code><code>;<br />\r\necho</code> <code>date</code><code>(</code><code>&quot;d F Y, H:i&quot;</code><code>, </code><code>strtotime</code><code>(</code><code>$data</code><code>));</code><br />\r\n<code>?&gt;</code><br />\r\n[/pre]</p>\r\n\r\n<p>Ketika menjalankan strtotime($data) yang terjadi adalah php akan mengubah tanggal tersebut menjadi format timestamp seperti ini 1504239655, setiap tanggal/waktu memiliki unix timestamp. Ketika data sudah berbentuk timestamp maka data tersebut menjadi fleksibel untuk ditampilkan dalam format apa saja.</p>\r\n\r\n<p><strong># Menambah atau mengurangi tanggal</strong><br />\r\nMisalkan kita akan mencari tahu tanggal berapakah 5 hari kedepan, caranya seperti ini:</p>\r\n\r\n<p>[pre]<br />\r\n<code>&lt;?php</code><br />\r\n<code>$time_sekarang</code> <code>= time();</code><br />\r\n<code>echo</code> <code>date</code><code>(</code><code>&quot;d F Y&quot;</code><code>, </code><code>strtotime</code><code>(</code><code>&quot;+5 days&quot;</code><code>, </code><code>$time_sekarang</code><code>));</code><br />\r\n<code>?&gt;</code><br />\r\n[/pre]</p>\r\n\r\n<p>Maka akan didapati tanggal yang benar untuk lima hari kedepan dari sekarang.</p>\r\n\r\n<p>Untuk mendapatkan timestamp waktu sekarang caranya bisa memakai fungsi time() atau strtotime(&ldquo;now&rdquo;) atau juga strtotime(date(&ldquo;Y-m-d H:i:s&rdquo;)). Sedangkan +5 days ini maksutnya menambahkan waktu yang ada diparameter kedua sebanyak 5 hari.</p>\r\n\r\n<p>Parameter pertama bisa min atau plus tergantung kita ingin mengurangi atau menambahkan, dan bisa days, month, years, hours, minutes, seconds.</p>\r\n\r\n<p><strong># Membandingkan mana yang lebih dari atau kurang dari</strong><br />\r\nUntuk membandingkan tanggal, caranya cukup ubah tanggal menjadi format timestamp kemudian bandingkan, contoh:</p>\r\n\r\n<p>[pre]<br />\r\n<code>&lt;?php<br />\r\n$tgl1</code> <code>= </code><code>&quot;2017-10-10&quot;</code><code>;<br />\r\n$tgl2</code> <code>= </code><code>&quot;2017-10-11&quot;</code><code>;<br />\r\nif</code> <code>(</code><code>strtotime</code><code>(</code><code>$tgl2</code><code>) &gt; </code><code>strtotime</code><code>(</code><code>$tgl1</code><code>)) {<br />\r\n&nbsp;&nbsp;&nbsp; </code><code>echo</code> <code>&quot;tgl 2 lebih dari tgl 1&quot;</code><code>;<br />\r\n}<br />\r\n?&gt;</code><br />\r\n[/pre]</p>\r\n\r\n<p>Jadi format timestamp bisa digunakan untuk perbandingan.</p>\r\n\r\n<p>Menggunakan DateTime</p>\r\n\r\n<p>Selain menggunakan strtotime, alternatif lainnya adalah menggunakan DateTime, DateTime mulai diperkenalkan sejak versi 5.2, saat ini rata-rata versi php yang sering dipakai sudah lebih dari 5.3, jadi saya rasa tidak ada masalah dengan DateTime.</p>\r\n\r\n<p>Berikut contoh penggunakan DateTime:</p>\r\n\r\n<p>[pre]<br />\r\n<code>&lt;?php<br />\r\n//Memformat tanggal jam<br />\r\n$date1</code> <code>= </code><code>&quot;2017-09-01 11:20:55&quot;</code><code>;<br />\r\n$date</code> <code>= </code><code>new</code> <code>DateTime(</code><code>$date1</code><code>);<br />\r\necho</code> <code>$date</code><code>-&gt;format(</code><code>&quot;d F Y, H:i&quot;</code><code>);</code></p>\r\n\r\n<p><br />\r\n<code>//Menambah tanggal<br />\r\n$date1</code> <code>= </code><code>&quot;2017-08-30&quot;</code><code>;<br />\r\n$date</code> <code>= </code><code>new</code> <code>DateTime(</code><code>$date1</code><code>);<br />\r\n$date_plus</code> <code>= </code><code>$date</code><code>-&gt;modify(</code><code>&quot;+5 days&quot;</code><code>);<br />\r\necho</code> <code>$date_plus</code><code>-&gt;format(</code><code>&quot;Y-m-d&quot;</code><code>);</code></p>\r\n\r\n<p><br />\r\n<code>//Mengurangi tanggal<br />\r\n$date_min</code> <code>= </code><code>$date</code><code>-&gt;modify(</code><code>&quot;-3 month&quot;</code><code>);<br />\r\necho</code> <code>$date_min</code><code>-&gt;format(</code><code>&quot;Y-m-d&quot;</code><code>);</code></p>\r\n\r\n<p><br />\r\n<code>//Membandingkan<br />\r\n$date1</code> <code>= </code><code>new</code> <code>DateTime(</code><code>&quot;2017-08-04&quot;</code><code>);<br />\r\n$date2</code> <code>= </code><code>new</code> <code>DateTime(</code><code>&quot;2017-08-06&quot;</code><code>);<br />\r\nif</code> <code>(</code><code>$date2</code> <code>&gt; </code><code>$date1</code><code>) {<br />\r\n&nbsp;&nbsp;&nbsp; </code><code>echo</code> <code>&quot;ok&quot;</code><code>;<br />\r\n}</code><br />\r\n[/pre]</p>\r\n\r\n<p>Contoh kasus lain yang lebih komplek:</p>\r\n\r\n<p><strong># Mencari daftar tanggal yang ada diantara dua tanggal</strong></p>\r\n\r\n<p>[pre]</p>\r\n\r\n<p><code>&lt;?php</code></p>\r\n\r\n<p><code>$begin</code> <code>= </code><code>new</code> <code>DateTime(</code><code>&#39;2017-08-01&#39;</code><code>);</code></p>\r\n\r\n<p><code>$end</code> <code>= </code><code>new</code> <code>DateTime(</code><code>&#39;2017-08-05&#39;</code><code>);</code></p>\r\n\r\n<p><code>$end</code> <code>= </code><code>$end</code><code>-&gt;modify(</code><code>&#39;+1 day&#39;</code><code>); </code></p>\r\n\r\n<p>&nbsp;</p>\r\n\r\n<p><code>$interval</code> <code>= </code><code>new</code> <code>DateInterval(</code><code>&#39;P1D&#39;</code><code>); </code><code>//referensi : <a href=\"https://en.wikipedia.org/wiki/ISO_8601#Durations\">https://en.wikipedia.org/wiki/ISO_8601#Durations</a></code></p>\r\n\r\n<p><code>$daterange</code> <code>= </code><code>new</code> <code>DatePeriod(</code><code>$begin</code><code>, </code><code>$interval</code> <code>,</code><code>$end</code><code>);</code></p>\r\n\r\n<p>&nbsp;</p>\r\n\r\n<p><code>foreach</code> <code>(</code><code>$daterange</code> <code>as</code> <code>$date</code><code>) {</code></p>\r\n\r\n<p><code>&nbsp;&nbsp;&nbsp;&nbsp;</code><code>echo</code> <code>$date</code><code>-&gt;format(</code><code>&quot;Y-m-d&quot;</code><code>) . </code><code>&quot;&lt;br&gt;&quot;</code><code>;</code></p>\r\n\r\n<p><code>}</code></p>\r\n\r\n<p>[/pre]</p>\r\n\r\n<p><strong># Mencari selisih dua tanggal</strong></p>\r\n\r\n<p>[pre]</p>\r\n\r\n<p><code>$begin</code> <code>= </code><code>new</code> <code>DateTime(</code><code>&#39;2017-08-01 23:00&#39;</code><code>);</code></p>\r\n\r\n<p><code>$end</code> <code>= </code><code>new</code> <code>DateTime(</code><code>&#39;2017-08-05 21:22&#39;</code><code>);</code></p>\r\n\r\n<p><code>$diff</code> <code>= </code><code>$begin</code><code>-&gt;diff(</code><code>$end</code><code>);</code></p>\r\n\r\n<p><code>echo</code> <code>&quot;Selisihnya adalah : &quot;</code> <code>. </code><code>$diff</code><code>-&gt;format(</code><code>&quot;%d hari %h jam %i menit&quot;</code><code>);</code></p>\r\n\r\n<p>[/pre]</p>\r\n\r\n<p>Hal lain yang sering kita butuhkan saat berurusan dengan tanggal dan jam adalah validasi penulisan tanggal dan jam, karena sebelum data dimasukkan ke database yang fieldnya bertipe DATETIME, data harus divalidasi dulu supaya bener. Berikut <strong># Validasi penulisan tanggal jam</strong></p>\r\n\r\n<p>[pre]</p>\r\n\r\n<p><code>&lt;?php</code></p>\r\n\r\n<p><code>function</code> <code>valid_datetime(</code><code>$datetime</code><code>) {</code></p>\r\n\r\n<p><code>&nbsp;&nbsp;&nbsp;&nbsp;</code><code>if</code> <code>(preg_match(</code><code>&#39;/^(19[0-9]{2}|2[0-9]{3})-(0[1-9]|1[012])-([123]0|[012][1-9]|31) ([01][0-9]|2[0-3]):([0-5][0-9]):([0-5][0-9])$/&#39;</code><code>, </code><code>$datetime</code><code>)) {</code></p>\r\n\r\n<p><code>&nbsp;&nbsp;&nbsp;&nbsp;&nbsp;&nbsp;&nbsp;&nbsp;</code><code>return</code> <code>true;</code></p>\r\n\r\n<p><code>&nbsp;&nbsp;&nbsp;&nbsp;</code><code>}</code></p>\r\n\r\n<p><code>&nbsp;&nbsp;&nbsp;&nbsp;</code>&nbsp;</p>\r\n\r\n<p><code>&nbsp;&nbsp;&nbsp;&nbsp;</code><code>return</code> <code>false;</code></p>\r\n\r\n<p><code>}</code></p>\r\n\r\n<p>&nbsp;</p>\r\n\r\n<p><code>$tgl</code> <code>= </code><code>&quot;2017-08-29 23:20:59&quot;</code><code>;</code></p>\r\n\r\n<p><code>if</code> <code>(valid_datetime(</code><code>$tgl</code><code>)) {</code></p>\r\n\r\n<p><code>&nbsp;&nbsp;&nbsp;&nbsp;</code><code>echo</code> <code>&quot;valid&quot;</code><code>;</code></p>\r\n\r\n<p><code>}</code></p>\r\n\r\n<p><code>?&gt;</code></p>\r\n\r\n<p>[/pre]</p>\r\n'),
(42, 1, NULL, 'Cara Hapus File Sampah di Hp android', NULL, 'Cara-Hapus-File-Sampah-di-Hp-android', '', 0, '2022-08-17 11:57:40', '2022-08-17 11:57:40', NULL, '<p>pertama buka file manager di hp</p>\r\n\r\n<p>klik search</p>\r\n\r\n<p>ketik &quot;MSG&quot; hapus</p>\r\n\r\n<p>ketik &quot;THUMB&quot; hapus</p>\r\n\r\n<p>ketik &quot;CNT&quot; hapus</p>\r\n'),
(43, 1, NULL, 'Kumpulan pass', NULL, 'Kumpulan-pass', '', 0, '2022-09-19 12:35:31', '2022-10-17 12:07:01', NULL, '<p>trello.com : qRv7EMiBqrWUZ7d</p>\r\n\r\n<blockquote>\r\n<p>biusukki@yahoo.co.id : roni@oistudio.com</p>\r\n\r\n<p>daimaru.gosend@gmail.com : @DaimarU3717.gmail</p>\r\n</blockquote>\r\n\r\n<p>Instagram</p>\r\n\r\n<blockquote>\r\n<p>user : biusukki pass :bmhyarid2021</p>\r\n\r\n<p>user : semangatlagi_ pass : roni@oiStudio.com_1</p>\r\n</blockquote>\r\n'),
(44, 1, NULL, 'Internet lifehack, untuk download', NULL, 'Internet-lifehack-untuk-download', '', 0, '2022-10-05 01:34:16', '2022-10-05 01:34:39', NULL, '<p>ketik digoogle</p>\r\n\r\n<p>[code]intitle:index.of?[/code] maka akan bisa download file apa saja</p>\r\n\r\n<p>tinggal ditambahi extention belakangnya misal exe atau apk [code]intitle:index.of?exe[/code]</p>\r\n'),
(45, 1, NULL, 'Rekomendasi Alat Pijat Elektrik', NULL, 'Rekomendasi-Alat-Pijat-Elektrik', '', 0, '2022-10-05 03:01:27', '2022-10-05 03:01:27', NULL, '<p>Rekomendasi alat pijat elektrik</p>\r\n\r\n<ol>\r\n	<li>benbo alat pijat multifungsi</li>\r\n	<li>omron electric nerve stimulator hv-f021</li>\r\n	<li>Jaco king massage jc 533</li>\r\n	<li>dr xie lumbar traction device</li>\r\n	<li>Benbo massage chair</li>\r\n</ol>\r\n'),
(46, 1, NULL, 'lokasi views pada laravel', NULL, 'lokasi-views-pada-laravel', '', 0, '2022-10-13 06:37:30', '2022-10-13 06:45:09', NULL, '<p>laravel versi terbaru untuk akses halaman welcome pada laravel ada di folder public, sedangkan di laravel yang lama itu langsung pada root aplikasinya.</p>\r\n\r\n<p>meskipun akses halaman welcomenya ada di public tapi tempat file viewnya ada pada folder [code]resources/views/welcome.blade.php[/code] pada laravel lama ada di [code]layout/views/welcome.blade.php[/code]</p>\r\n\r\n<p>untuk script pada views tidak sama seperti frameworks CI3 yang menggunakan HTML murni laravel menggunakan HTML blade</p>\r\n\r\n<p>contoh HTML blade<br />\r\n[pre]<br />\r\n&lt;!DOCTYPE html&gt;<br />\r\n&lt;html lang=&quot;en&quot;&gt;<br />\r\n&nbsp;&nbsp; &nbsp;&lt;head&gt;<br />\r\n&nbsp;&nbsp; &nbsp;&nbsp;&nbsp; &nbsp;&lt;meta charset=&quot;UTF-8&quot;&gt;<br />\r\n&nbsp;&nbsp; &nbsp;&nbsp;&nbsp; &nbsp;&lt;title&gt;Belajar Laravel 5.3 | @yield(&#39;title&#39;)&lt;/title&gt;<br />\r\n&nbsp;&nbsp; &nbsp;&lt;/head&gt;<br />\r\n&nbsp;&nbsp; &nbsp;&lt;body&gt;<br />\r\n&nbsp;&nbsp; &nbsp;&nbsp;&nbsp; &nbsp;&lt;ul&gt;<br />\r\n&nbsp;&nbsp; &nbsp;&nbsp;&nbsp; &nbsp;&nbsp;&nbsp; &nbsp;@section(&#39;sidebar&#39;)<br />\r\n&nbsp;&nbsp; &nbsp;&nbsp;&nbsp; &nbsp;&nbsp;&nbsp; &nbsp;&nbsp; &lt;li&gt;HTML&lt;/li&gt;<br />\r\n&nbsp;&nbsp; &nbsp;&nbsp;&nbsp; &nbsp;&nbsp;&nbsp; &nbsp;&nbsp; &lt;li&gt;CSS&lt;/li&gt;<br />\r\n&nbsp;&nbsp; &nbsp;&nbsp;&nbsp; &nbsp;&nbsp;&nbsp; &nbsp;&nbsp; &lt;li&gt;JS&lt;/li&gt;<br />\r\n&nbsp;&nbsp; &nbsp;&nbsp;&nbsp; &nbsp;&nbsp;&nbsp; &nbsp;@show<br />\r\n&nbsp;&nbsp; &nbsp;&nbsp;&nbsp; &nbsp;&lt;/ul&gt;<br />\r\n&nbsp;&nbsp; &nbsp;&nbsp;&nbsp; &nbsp;&lt;div class=&quot;container&quot;&gt;<br />\r\n&nbsp;&nbsp; &nbsp;&nbsp;&nbsp; &nbsp;&nbsp;&nbsp; &nbsp;@yield(&#39;content&#39;)<br />\r\n&nbsp;&nbsp; &nbsp;&nbsp;&nbsp; &nbsp;&lt;/div&gt;<br />\r\n&nbsp;&nbsp; &nbsp;&lt;/body&gt;<br />\r\n&lt;/html&gt;<br />\r\n[/pre]</p>\r\n\r\n<blockquote>\r\n<p>Penjelasan dari code di atas adalah pada bagian @yield(&#39;title&#39;), jadi sederhananya gini teman-teman kita seperti memberikan ruang pada halaman ini yang datanya akan kita isi dari page yang berbeda sesuai dengan title atau judul halaman. Lalu @yield(&#39;content&#39;) sama persis dengan @yield(&#39;title&#39;), sedangkan @section(&#39;sidebar&#39;)... kita akan meminjam bagian ini untuk kita tampilkan di page yang lain.<br />\r\ndikutip dari onphpid.com</p>\r\n</blockquote>\r\n'),
(47, 1, NULL, 'Install laravel step by step', NULL, 'Install-laravel-step-by-step', '', 0, '2022-10-23 11:58:01', '2022-10-23 11:58:01', NULL, '<p>Install Laravel sumber : <a href=\"https://bukuinformatika.com/tutorial-membuat-aplikasi-crud-laravel-adminlte/\" target=\"_blank\">https://bukuinformatika.com/tutorial-membuat-aplikasi-crud-laravel-adminlte/</a></p>\r\n\r\n<p>tahap pertama<br />\r\n[code]composer create-project laravel/laravel crud-laravel-adminlte[/code]</p>\r\n');

-- --------------------------------------------------------

--
-- Table structure for table `post_category`
--

CREATE TABLE `post_category` (
  `postId` bigint(20) NOT NULL,
  `categoryId` bigint(20) NOT NULL
) ENGINE=InnoDB DEFAULT CHARSET=utf8mb4 COLLATE=utf8mb4_unicode_ci;

--
-- Dumping data for table `post_category`
--

INSERT INTO `post_category` (`postId`, `categoryId`) VALUES
(1, 4),
(1, 5),
(2, 4),
(2, 5),
(3, 6),
(3, 7),
(4, 3),
(5, 3),
(6, 3),
(6, 8),
(6, 9),
(7, 10),
(7, 11),
(8, 6),
(8, 7),
(9, 6),
(9, 7),
(10, 3),
(10, 12),
(11, 3),
(11, 12),
(12, 3),
(13, 1),
(14, 9),
(14, 10),
(15, 14),
(15, 15),
(16, 1),
(17, 1),
(18, 3),
(18, 5),
(19, 14),
(19, 15),
(20, 2),
(20, 14),
(20, 15),
(21, 2),
(21, 8),
(22, 2),
(22, 16),
(23, 3),
(24, 2),
(24, 17),
(25, 2),
(26, 2),
(26, 17),
(27, 17),
(28, 14),
(28, 18),
(29, 2),
(29, 17),
(31, 2),
(31, 8),
(32, 2),
(32, 7),
(34, 22),
(30, 1),
(35, 22),
(36, 2),
(33, 20),
(33, 2),
(37, 16),
(38, 1),
(39, 1),
(40, 24),
(41, 3),
(42, 15),
(42, 2),
(44, 1),
(45, 2),
(46, 17),
(43, 2),
(47, 17);

-- --------------------------------------------------------

--
-- Table structure for table `post_comment`
--

CREATE TABLE `post_comment` (
  `id` bigint(20) NOT NULL,
  `postId` bigint(20) NOT NULL,
  `parentId` bigint(20) DEFAULT NULL,
  `title` varchar(100) COLLATE utf8mb4_unicode_ci NOT NULL,
  `published` tinyint(1) NOT NULL DEFAULT 0,
  `createdAt` datetime NOT NULL,
  `publishedAt` datetime DEFAULT NULL,
  `content` text COLLATE utf8mb4_unicode_ci DEFAULT NULL
) ENGINE=InnoDB DEFAULT CHARSET=utf8mb4 COLLATE=utf8mb4_unicode_ci;

-- --------------------------------------------------------

--
-- Table structure for table `post_meta`
--

CREATE TABLE `post_meta` (
  `id` bigint(20) NOT NULL,
  `postId` bigint(20) NOT NULL,
  `key` varchar(50) COLLATE utf8mb4_unicode_ci NOT NULL,
  `content` text COLLATE utf8mb4_unicode_ci DEFAULT NULL
) ENGINE=InnoDB DEFAULT CHARSET=utf8mb4 COLLATE=utf8mb4_unicode_ci;

-- --------------------------------------------------------

--
-- Table structure for table `riwayat_latihan`
--

CREATE TABLE `riwayat_latihan` (
  `id` bigint(20) NOT NULL,
  `id_latihan` bigint(20) DEFAULT NULL,
  `title` varchar(100) COLLATE utf8mb4_unicode_ci NOT NULL,
  `description` text COLLATE utf8mb4_unicode_ci DEFAULT NULL,
  `createAt` timestamp NOT NULL DEFAULT current_timestamp(),
  `updateAt` datetime DEFAULT NULL
) ENGINE=InnoDB DEFAULT CHARSET=utf8mb4 COLLATE=utf8mb4_unicode_ci;

--
-- Dumping data for table `riwayat_latihan`
--

INSERT INTO `riwayat_latihan` (`id`, `id_latihan`, `title`, `description`, `createAt`, `updateAt`) VALUES
(1, 1, 'Judul', 'test riwayat Latihan test riwayat Latihan test riwayat Latihan test riwayat Latihan test riwayat Latihan test riwayat Latihan test riwayat Latihan test riwayat Latihan test riwayat Latihan test riwayat Latihan test riwayat Latihan test riwayat Latihan test riwayat Latihan test riwayat Latihan test riwayat Latihan test riwayat Latihan test riwayat Latihan test riwayat Latihan test riwayat Latihan test riwayat Latihan test riwayat Latihan test riwayat Latihan test riwayat Latihan test riwayat Latihan test riwayat Latihan test riwayat Latihan test riwayat Latihan test riwayat Latihan test riwayat Latihan test riwayat Latihan test riwayat Latihan test riwayat Latihan test riwayat Latihan test riwayat Latihan test riwayat Latihan test riwayat Latihan test riwayat Latihan test riwayat Latihan test riwayat Latihan test riwayat Latihan test riwayat Latihan test riwayat Latihan test riwayat Latihan test riwayat Latihan test riwayat Latihan test riwayat Latihan test riwayat Latihan test riwayat Latihan test riwayat Latihan test riwayat Latihan test riwayat Latihan test riwayat Latihan test riwayat Latihan test riwayat Latihan test riwayat Latihan test riwayat Latihan test riwayat Latihan test riwayat Latihan test riwayat Latihan test riwayat Latihan test riwayat Latihan test riwayat Latihan test riwayat Latihan test riwayat Latihan test riwayat Latihan test riwayat Latihan test riwayat Latihan test riwayat Latihan test riwayat Latihan test riwayat Latihan test riwayat Latihan test riwayat Latihan test riwayat Latihan test riwayat Latihan test riwayat Latihan test riwayat Latihan test riwayat Latihan test riwayat Latihan test riwayat Latihan test riwayat Latihan test riwayat Latihan test riwayat Latihan test riwayat Latihan test riwayat Latihan test riwayat Latihan test riwayat Latihan test riwayat Latihan ', '2020-11-03 18:57:04', '2020-11-06 06:57:21'),
(2, 2, 'Membuat folder dan file latihan', 'nama folder <em>localhost/me/aalatihan/latihan_charjs</em>', '2020-11-09 19:02:11', '2020-11-10 02:02:11'),
(3, 2, 'mencoba tapi salah fatal', '[pre]\r\n&lt;!doctype html>\r\n&lt;html lang=\"en-US\">\r\n	&lt;head>\r\n		&lt;meta charset=\"utf-8\">\r\n		&lt;meta http-equiv=\"X-UA-Compatible\" content=\"IE=Edge\">\r\n		&lt;meta name=\"viewport\" content=\"width=device-width, initial-scale=1\">\r\n		&lt;title>Home | Bar ChartJs&lt;/title>\r\n		&lt;script src=\"dist/Chart.min.js\">&lt;/script>\r\n	&lt;/head>\r\n	&lt;body>\r\n		&lt;a href=\"index.html\">Home&lt;/a>\r\n		&lt;hr/>\r\n		&lt;script type=\"text/javascript\">\r\n		\r\n		var myBarChart = new Chart(\'chart-0\', {\r\n			type: \'bar\',\r\n			data: [20, 10]\r\n			&lt;!-- options: options -->\r\n		});\r\n		&lt;/script>\r\n	&lt;/body>\r\n&lt;/html>\r\n[/pre]\r\ntidak ada html untuk menamplkan cuma js pasti tidak muncul', '2020-11-10 22:08:55', '2020-11-11 05:11:04'),
(4, 2, 'Membuat ulang Chart berdasarkan contoh dari malasngoding.com', '<h3>Membuat ulang Chart berdasarkan contoh dari malasngoding.com</h3>\r\nMengubah isi file yang sebelumnya dibuat bar.html dengan cara\r\n<ul>\r\n	<li>\r\n		<p>Menghpus isi tag &lt;body>&lt;/body> pada file bar.html\r\n		<br/>\r\n		<img src=\"http://localhost/me/dropbox/bahroni_blog/imgss/chartjs_bar_1.png\" class=\"img-responsive\"/>\r\n		</p>\r\n	</li>\r\n	<li><p>Lalu ditambahi ini <br/>\r\n		<img src=\"http://localhost/me/dropbox/bahroni_blog/imgss/chartjs_bar_2.png\" class=\"img-responsive\"/>\r\n	</p></li>\r\n	<li><p>Lalu ditambahi ini <br/>\r\n		<img src=\"http://localhost/me/dropbox/bahroni_blog/imgss/chartjs_bar_3.png\" class=\"img-responsive\"/>\r\n	</p></li>\r\n	<li><p>Lalu ditambahi ini <br/>\r\n		<img src=\"http://localhost/me/dropbox/bahroni_blog/imgss/chartjs_bar_4.png\" class=\"img-responsive\"/>\r\n	</p></li>\r\n	<li><p>\r\n		lalu dijalankan dan berhasil\r\n	</p></li>\r\n</ul>', '2020-11-10 19:35:56', '2020-11-11 03:53:16'),
(5, 2, 'Memodifikasi Grafik Bar menjadi Pie', '<div class=\"box-group\" id=\"accordion\">\r\n	<!-- we are adding the .panel class so bootstrap.js collapse plugin detects it -->\r\n	<div class=\"panel box box-primary\">\r\n	  <div class=\"box-header with-border\">\r\n		<h4 class=\"box-title\">\r\n		  <a data-toggle=\"collapse\" data-parent=\"#accordion\" href=\"#collapseOne\">\r\n			Pertama\r\n		  </a>\r\n		</h4>\r\n	  </div>\r\n	  <div id=\"collapseOne\" class=\"panel-collapse collapse in\">\r\n		<div class=\"box-body\">\r\n			<h3>Pertama</h3>\r\n			<p>\r\n			Pertama kami melakukan copy dengan command prompt dengan script <code>type bar.html > pie.html</code>[br/]\r\n			<img src=\"http://localhost/me/dropbox/bahroni_blog/imgss/chartjs_pie_1.png\" class=\"img-responsive\"/>\r\n			</p>\r\n		</div>\r\n	  </div>\r\n	</div>\r\n	<div class=\"panel box box-danger\">\r\n	  <div class=\"box-header with-border\">\r\n		<h4 class=\"box-title\">\r\n		  <a data-toggle=\"collapse\" data-parent=\"#accordion\" href=\"#collapseTwo\">\r\n			Kedua\r\n		  </a>\r\n		</h4>\r\n	  </div>\r\n	  <div id=\"collapseTwo\" class=\"panel-collapse collapse\">\r\n		<div class=\"box-body\">\r\n			<h3>Kedua</h3>\r\n			<p>\r\n			Saya merubah type grafiknya yang semula bar menjadi pie[br/]\r\n			<img src=\"http://localhost/me/dropbox/bahroni_blog/imgss/chartjs_pie_2.png\" class=\"img-responsive\"/>[br/]\r\n			saya jalankan dan berhasil.[br/]\r\n			<img src=\"http://localhost/me/dropbox/bahroni_blog/imgss/chartjs_pie_3.png\" class=\"img-responsive\"/>\r\n			</p>\r\n		</div>\r\n	  </div>\r\n	</div>\r\n	<div class=\"panel box box-success\">\r\n	  <div class=\"box-header with-border\">\r\n		<h4 class=\"box-title\">\r\n		  <a data-toggle=\"collapse\" data-parent=\"#accordion\" href=\"#collapseThree\">\r\n			Ketiga\r\n		  </a>\r\n		</h4>\r\n	  </div>\r\n	  <div id=\"collapseThree\" class=\"panel-collapse collapse\">\r\n		<div class=\"box-body\">\r\n			<h3>Ketiga</h3>\r\n			<p>\r\n			Saya melakukan sedikit perubahan pada [em-merah]option[/em][br/]\r\n			<img src=\"http://localhost/me/dropbox/bahroni_blog/imgss/chartjs_pie_4.png\" class=\"img-responsive\"/>[br/]\r\n			lalu saya kurangi data-nya menjadi 3 saja[br/]\r\n			<img src=\"http://localhost/me/dropbox/bahroni_blog/imgss/chartjs_pie_5.png\" class=\"img-responsive\"/>[br/]\r\n			dan melakukan sedikit kreasi pada warna yang itu berhasil juga dengan kata lain warna tidak hanya bisa dengan rgb tapi bisa juga dengan color picker[br/]\r\n			<img src=\"http://localhost/me/dropbox/bahroni_blog/imgss/chartjs_pie_6.png\" class=\"img-responsive\"/>[br/]\r\n			<img src=\"http://localhost/me/dropbox/bahroni_blog/imgss/chartjs_pie_7.png\" class=\"img-responsive\"/>\r\n			</p>\r\n		</div>\r\n	  </div>\r\n	</div>\r\n</div>', '2020-11-11 19:27:04', '2020-11-12 03:03:23'),
(6, 3, 'Latihan 1, lebih banyak installasi dan coba-coba', '<ol>\r\n	<li>\r\n		Download <strong>PHPExcel</strong> <a href=\"https://github.com/PHPOffice/PHPExcel\">disini</a><br/>\r\n		sebetulnya untuk [em-merah]PHPExcel[/em] sudah tidak ada update sejak 7 tahun lalu karena dikembangkan dengan nama berbeda yaitu <a href=\"https://github.com/PHPOffice/PhpSpreadsheet\">PhpSpreadsheet</a>\r\n	</li>\r\n	<li>\r\n		Setelah download lalu buat folder [em]latihan_phpexcel[/em] dan hasil download tadi pindah ke folder yang baru saja dibuat tentu saja langsung di extract\r\n	</li>\r\n	<li>\r\n		latihan ini berdasarkan post <a href=\"http://localhost/me/dropbox/bahroni_blog/index.php/post/action?ac=view&id=10\">Import data dengan phpexcel</a><br/>\r\n		setelah semmua proses instalasi di kerjakan saatnya membuat file [em]index.php[/em] di folder root\r\n		<img src=\"http://localhost/me/dropbox/bahroni_blog/imgss/import_phpexcel_latihan_1_1.jpg\" class=\"img-responsive\"/>\r\n	</li>\r\n	<li>\r\n		Mencoba file [em]index.php[/em] dengan perintah [span-merah]print_r(__DIR__)[/span] sekaligus ingin tahu fungsi dari <code>__DIR__</code>\r\n		<img src=\"http://localhost/me/dropbox/bahroni_blog/imgss/import_phpexcel_latihan_1_2.jpg\" class=\"img-responsive\"/>\r\n	</li>\r\n	<li>\r\n		buat file baru dengan nama file [em-merah]koneksi.php[/em]\r\n		<img src=\"http://localhost/me/dropbox/bahroni_blog/imgss/import_phpexcel_latihan_1_3.jpg\" class=\"img-responsive\"/>\r\n	</li>\r\n	<li>\r\n		karena latihan ini menggunakan <strong>PHP Native</strong> maka untuk koneksi ke database di-setting secara manual berikut script-nya\r\n		[pre]\r\n			&lt;?php\r\n			  $host = \'localhost\';\r\n			  $user = \'root\';\r\n			  $pass = \'\';\r\n			  $db = \'phpexcel\';\r\n\r\n			  $conn = mysql_connect($host, $user, $pass);\r\n			  mysql_select_db($db, $conn);\r\n		[/pre]\r\n		<img src=\"http://localhost/me/dropbox/bahroni_blog/imgss/import_phpexcel_latihan_1_4.jpg\" class=\"img-responsive\"/>\r\n	</li>\r\n	<li>\r\n		Modifikasi [em]index.php[/em]\r\n		[pre]\r\n			&lt;!DOCTYPE html>\r\n			&lt;html>\r\n				&lt;head>\r\n					&lt;title>ENTRI DATA DENGAN MENGGUNAKAN PLUGIN DARI PHPEXCEL&lt;/title>\r\n				&lt;/head>\r\n				&lt;body>\r\n					&lt;form method=\"POST\" action=\"proses.php\" enctype=\"multipart/form-data\">\r\n					&lt;input type=\"file\" name=\"excel\">\r\n					&lt;button>UPLOAD&lt;/button>\r\n					&lt;/form>\r\n				&lt;/body>\r\n			&lt;/html>\r\n		[/pre]\r\n		<img src=\"http://localhost/me/dropbox/bahroni_blog/imgss/import_phpexcel_latihan_1_5.jpg\" class=\"img-responsive\"/>\r\n	</li>\r\n</ol>', '2020-11-13 02:47:58', '2020-11-13 11:03:06'),
(7, 3, 'buat file proses.php', 'buat file [em-merah]proses.php[/em][br/]\r\n<img src=\"http://localhost/me/dropbox/bahroni_blog/imgss/import_phpexcel_latihan_1_6.jpg\" class=\"img-responsive\"/>\r\nisi [em-merah]proses.php[/em] dengan\r\n<div class=\"row\">\r\n	<div class=\"col-sm-6\">\r\n	<img src=\"http://localhost/me/dropbox/bahroni_blog/imgss/import_phpexcel_latihan_1_7.jpg\" class=\"img-responsive\"/>\r\n	</div>\r\n	<div class=\"col-sm-6\">\r\n	[pre]\r\n	&lt;?php\r\n		// memanggil koneksi\r\n		require_once __DIR__.\'/koneksi.php\';\r\n\r\n		// memanggil class PHPExcel\r\n		require_once __DIR__.\'/Classes/PHPExcel.php\';\r\n		require_once __DIR__.\'/Classes/PHPExcel/IOFactory.php\';\r\n\r\n		// load excel\r\n		$file = $_FILES[\'excel\'][\'tmp_name\'];\r\n		$load = PHPExcel_IOFactory::load($file);\r\n		$sheets = $load->getActiveSheet()->toArray(null,true,true,true);\r\n\r\n		$i = 1;\r\n		foreach ($sheets as $sheet) {\r\n\r\n					// karena data yang di excel di mulai dari baris ke 2\r\n					// maka jika $i lebih dari 1 data akan di masukan ke database\r\n					if ($i > 1) {\r\n			// nama ada di kolom A\r\n			// sedangkan alamat ada di kolom B\r\n			$sql = \'INSERT INTO users SET\';\r\n			$sql .= \' nama=\"\'.$sheet[\'A\'].\'\",\';\r\n			$sql .= \' alamat=\"\'.$sheet[\'B\'].\'\"\';\r\n			mysql_query($sql);\r\n					}\r\n\r\n					$i++;\r\n		}\r\n\r\n		if($i >= 2) {\r\n			// pesan jika data berhasil di input\r\n			echo \'&lt;h1>Data berhasil dimasukan&lt;/h1>\';\r\n		}\r\n	[/pre]\r\n	</div>\r\n</div>', '2020-11-12 19:15:35', '2020-11-13 02:22:28'),
(8, 3, 'pembuatan database dan tabel untuk uji coba', 'pembuatan database dan tabel untuk uji coba<br/>\r\n<strong>Buat database dengan nama \"latihan_phpexcel\"</strong>\r\n<img src=\"http://localhost/me/dropbox/bahroni_blog/imgss/import_phpexcel_latihan_1_8.jpg\" class=\"img-responsive\"/>', '2020-11-12 20:30:26', '2020-11-13 03:30:26'),
(9, 3, 'Buat Tabel \"users\"', 'Setelah membuat database tentu saja membuat tabel, tabel yang akan dibuat adalah \"users\"\r\n[pre]\r\nDROP TABLE IF EXISTS `users`;\r\n			CREATE TABLE `users` (\r\n			  `id` int(11) NOT NULL AUTO_INCREMENT,\r\n			  `nama` varchar(50) DEFAULT NULL,\r\n			  `alamat` text,\r\n			  PRIMARY KEY (`id`)\r\n			) ENGINE=InnoDB DEFAULT CHARSET=latin1;\r\n[/pre]\r\n<img src=\"http://localhost/me/dropbox/bahroni_blog/imgss/import_phpexcel_latihan_1_9.jpg\" class=\"img-responsive\"/>', '2020-11-13 18:56:55', '2020-11-14 01:56:55'),
(10, 3, 'buat excel', 'Buat excel dengan kolom-kolom \"nama, alamat\"\r\n<img src=\"http://localhost/me/dropbox/bahroni_blog/imgss/import_phpexcel_latihan_1_10.jpg\" class=\"img-responsive\"/>\r\nkebetulan file-nya saya kasih nama \"onde2.xls\"\r\n', '2020-11-13 22:28:31', '2020-11-14 05:29:42'),
(11, 3, 'Memperbaiki posisi direktori pada script', 'Memperbaiki posisi direktori pada script yang sudah dibuat sebelum-sebelumnya\r\n<img src=\"http://localhost/me/dropbox/bahroni_blog/imgss/import_phpexcel_latihan_1_11.jpg\" class=\"img-responsive\"/> ', '2020-11-14 20:16:37', '2020-11-15 03:16:37'),
(12, 3, 'Uji Coba [1]', 'Uji Coba<br/>\r\n<ol>\r\n	<li>\r\n		buka \"http://localhost/me/aalatihan/latihan_phpexcel/\"\r\n		<img src=\"http://localhost/me/dropbox/bahroni_blog/imgss/import_phpexcel_latihan_1_12.jpg\" class=\"img-responsive\"/> \r\n	</li>\r\n	<li>\r\n		saat aplikasi dijalankan (1)\r\n		<img src=\"http://localhost/me/dropbox/bahroni_blog/imgss/import_phpexcel_latihan_1_13.jpg\" class=\"img-responsive\"/>\r\n		<img src=\"http://localhost/me/dropbox/bahroni_blog/imgss/import_phpexcel_latihan_1_14.jpg\" class=\"img-responsive\"/>\r\n	</li>\r\n</ol>', '2020-11-14 20:41:03', '2020-11-15 04:43:55'),
(13, 3, 'Uji Coba [2]', 'Uji Coba [2]<br/>\r\n<p>Pada saat uji coba pertama terjadi error yang sangat banyak dibagian mysql, errornya sebagai berikut:</br/>\r\n<img src=\"http://localhost/me/dropbox/bahroni_blog/imgss/import_phpexcel_latihan_1_15.jpg\" class=\"img-responsive\"/> \r\n</p>\r\n<p>\r\nuntuk mengatasi error tersebut kami, melakukan hal berikut\r\n</p>\r\n<ol>\r\n	<li>\r\n		mencari referensi tentang error di google dan ketemu di website [em]stucoverflow.com[/em]\r\n		<img src=\"http://localhost/me/dropbox/bahroni_blog/imgss/import_phpexcel_latihan_1_16.jpg\" class=\"img-responsive\"/>\r\n		sumber : <a href=\"https://stackoverflow.com/questions/13979210/mysqli-select-db-expects-parameter-1-to-be-mysqli-string-given\">https://stackoverflow.com/questions/13979210/mysqli-select-db-expects-parameter-1-to-be-mysqli-string-given</a>\r\n		<br/>\r\n		berdasarkan keterangan di atas kemungkinan salah posisi dalam parameter saat pemilihan database.\r\n		<img src=\"http://localhost/me/dropbox/bahroni_blog/imgss/import_phpexcel_latihan_1_17.jpg\" class=\"img-responsive\"/>\r\n	</li>\r\n	<li>\r\n		saat aplikasi dijalankan (1) masih terjadi error namun sudah berurang\r\n		<img src=\"http://localhost/me/dropbox/bahroni_blog/imgss/import_phpexcel_latihan_1_18.jpg\" class=\"img-responsive\"/>\r\n		setelah di cari kemungkinan perlu dipanggil lagi koneksinya saat menjalankan query\r\n		<img src=\"http://localhost/me/dropbox/bahroni_blog/imgss/import_phpexcel_latihan_1_19.jpg\" class=\"img-responsive\"/>\r\n	</li>\r\n	<li>\r\n		saat aplikasi dijalankan (2) masih terjadi error data belum masuk\r\n		<img src=\"http://localhost/me/dropbox/bahroni_blog/imgss/import_phpexcel_latihan_1_21.jpg\" class=\"img-responsive\"/>\r\n		<img src=\"http://localhost/me/dropbox/bahroni_blog/imgss/import_phpexcel_latihan_1_20.jpg\" class=\"img-responsive\"/>\r\n		karena tidak tahu harus berbuat apa saya ikuti saja petunjuk dari errornya\r\n		<img src=\"http://localhost/me/dropbox/bahroni_blog/imgss/import_phpexcel_latihan_1_22.jpg\" class=\"img-responsive\"/>\r\n	</li>\r\n	<li>\r\n		saat aplikasi dijalankan (3) data masih belum masuk\r\n		<img src=\"http://localhost/me/dropbox/bahroni_blog/imgss/import_phpexcel_latihan_1_21.jpg\" class=\"img-responsive\"/>\r\n		saya perlu check apakah data dari excel benar-benar masuk<br/>\r\n		dan hasilnya ternyata data benar-benar masuk\r\n		<img src=\"http://localhost/me/dropbox/bahroni_blog/imgss/import_phpexcel_latihan_1_23.jpg\" class=\"img-responsive\"/>\r\n	</li>\r\n</ol>', '2020-11-14 22:12:30', '2020-11-15 08:03:06'),
(14, 3, 'Selesai', 'Alhamdulillah sudah tidak saya lanjutkan karena yang terpenting adalah data dari excel masuk ke program bukan ke database itu saja terima kasih\r\n\r\n\"Alhamdulillah, menyerah dalam suatu hal boleh tapi ingat jangan pernah berhenti belajar\"\r\n\r\n<h1>The End</h1>', '2020-11-15 22:18:25', '2020-11-16 05:18:55'),
(15, 4, 'Awal', 'Sebetulnya aplikasi ini tidak rusak namun saya pindah ke Netbook namun netbook yang saya pakai rusak tidak bisa hidup, untungnya saya backup di bahroni_blog jadi tinggal disesuaikan lagi saja. oke langsung saja kita mulai bismillah', '2020-11-16 04:16:44', '2020-11-16 11:16:44'),
(16, 4, 'Selesai', 'Karena sudah di backup jadi mudah saat restore\r\n<br/>\r\ndan selesai <h1>The End</h1>', '2020-11-15 19:33:58', '2020-11-16 02:33:58'),
(17, 5, 'Mulai', '<h1>let\'s get start it</h1>', '2020-11-17 04:14:21', '2020-11-17 11:14:21'),
(18, 5, 'Controller', 'untuk membuat controller saya mulai dengan meng-copy file total yang ada di [em-merah]admin/controller/total/total.php[/em]\r\n<img src=\"http://localhost/me/dropbox/bahroni_blog/imgss/make_extension_opencart_1.png\" class=\"img-responsive\"/>[br/]\r\n<h4>Sebelum di modifikasi</h4>\r\n<img src=\"http://localhost/me/dropbox/bahroni_blog/imgss/make_extension_opencart_2.png\" class=\"img-responsive\"/>\r\n<p>\r\n[strong]Perubahan pertama[/strong]\r\n<img src=\"http://localhost/me/dropbox/bahroni_blog/imgss/make_extension_opencart_3.png\" class=\"img-responsive\"/>\r\n</p>\r\n<p>\r\n[strong]Perubahan kedua[/strong]\r\n<img src=\"http://localhost/me/dropbox/bahroni_blog/imgss/make_extension_opencart_4.png\" class=\"img-responsive\"/>\r\n</p>\r\n<p>\r\n[strong]Perubahan ketiga[/strong]\r\n<img src=\"http://localhost/me/dropbox/bahroni_blog/imgss/make_extension_opencart_5.png\" class=\"img-responsive\"/>\r\n</p>\r\n<p>\r\nakhirnya saya jalankan ternyata ada error \"alhamdulillah\"<br/>\r\n<img src=\"http://localhost/me/dropbox/bahroni_blog/imgss/make_extension_opencart_6.png\" class=\"img-responsive\"/>\r\ndisini yang harus diperbaiki adalah menambahkan file <code>coba.php</code> pada [em-merah]admin/language/english/total[/em]<br/>\r\n<img src=\"http://localhost/me/dropbox/bahroni_blog/imgss/make_extension_opencart_7.png\" class=\"img-responsive\"/>\r\nsetelah meng-copy selesai, selanjutnya melakukan perubahan pada file tersebut<br/>\r\n<div class=\"row\">\r\n	<div class=\"col-sm-6\">\r\n		<img src=\"http://localhost/me/dropbox/bahroni_blog/imgss/make_extension_opencart_8.png\" class=\"img-responsive\"/>\r\n	</div>\r\n	<div class=\"col-sm-6\">\r\n		<img src=\"http://localhost/me/dropbox/bahroni_blog/imgss/make_extension_opencart_9.png\" class=\"img-responsive\"/>\r\n	</div>\r\n</div>\r\n</p>', '2020-11-16 18:03:51', '2020-11-17 02:29:43'),
(19, 5, 'Install', '<p>\r\nkita coba untuk install setelah hal-hal yang kita lakukan dari awal, seperti membuat [em-merah]controller[/em] dan [em-merah]language[/em]\r\n<img src=\"http://localhost/me/dropbox/bahroni_blog/imgss/make_extension_opencart_10.png\" class=\"img-responsive\"/>\r\n</p>\r\n<p>\r\nAlhamdulillah berhasil di install\r\n<img src=\"http://localhost/me/dropbox/bahroni_blog/imgss/make_extension_opencart_11.png\" class=\"img-responsive\"/>\r\n</p>\r\n<p>\r\nSelanjutnya kita coba tekan <strong>edit</strong>\r\n<img src=\"http://localhost/me/dropbox/bahroni_blog/imgss/make_extension_opencart_12.png\" class=\"img-responsive\"/>\r\n</p>\r\n<p>\r\ndan Alhamdulillah ketemu \"error\" <i class=\"fa fa-smile-o\"></i>\r\n<img src=\"http://localhost/me/dropbox/bahroni_blog/imgss/make_extension_opencart_13.png\" class=\"img-responsive\"/>\r\n</p>\r\n<p>\r\nternyata error-nya karena tidak ada view [em-merah]coba.tpl[/em], tentu saja langsung saja buat di [em-merah]admin\\view\\template\\total[/em]\r\n<img src=\"http://localhost/me/dropbox/bahroni_blog/imgss/make_extension_opencart_14.png\" class=\"img-responsive\"/>\r\n</p>\r\n<p>\r\nsetelah file dibuat <img src=\"http://localhost/me/dropbox/bahroni_blog/imgss/make_extension_opencart_15.png\" class=\"img-responsive\"/>\r\nlalu coba jalankan lagi dan hasilnya\r\n<img src=\"http://localhost/me/dropbox/bahroni_blog/imgss/make_extension_opencart_16.png\" class=\"img-responsive\"/>\r\n</p>\r\n<p>\r\nerror tersebut di copy lalu di paste di notepad untuk mengetahui error apa itu\r\n<img src=\"http://localhost/me/dropbox/bahroni_blog/imgss/make_extension_opencart_17.png\" class=\"img-responsive\"/>\r\nternyata <code>total_sort_order</code> yang belum terdefinisi tentu saja ini terjadi karena kata \"total\" pada variable tersebut sudah diganti dengan \"coba\" bukan hanya variable itu tapi hampir semua variable yang mengandung kata \"total\"\r\n</p>\r\n<p>\r\ntentu saja langsung kita perbaiki error tersebut\r\n<div class=\"row\">\r\n	<div class=\"col-sm-6\">\r\n	Sebelum\r\n	<img src=\"http://localhost/me/dropbox/bahroni_blog/imgss/make_extension_opencart_18.png\" class=\"img-responsive\"/>\r\n	</div>\r\n	<div class=\"col-sm-6\">\r\n	Sesudah\r\n	<img src=\"http://localhost/me/dropbox/bahroni_blog/imgss/make_extension_opencart_19.png\" class=\"img-responsive\"/>\r\n	</div>\r\n</div>\r\nsaat di coba lagi error-nya hilang\r\n</p>', '2020-11-17 18:49:10', '2020-11-18 03:47:29'),
(20, 7, '<del>Pembatasan akses data donatur oleh user lain</del>', '<p>Langkah pertama membuat kolom tambahan sebagai status boleh atau tidaknya data untuk di akses orang lain <code>alter table staff add column izin_akses_donatur boolean default 0;</code></p>\r\n\r\n<p>buat tampilan khusus untuk merubah status akses tersebut yang diakses lewat tampilan profile pribadi</p>\r\n\r\n<p>&nbsp;</p>\r\n\r\n<h1>Tahapan yang akan dibuat</h1>\r\n\r\n<ol>\r\n	<li>Membuat redirect setelah login ke profile pribadi masing2</li>\r\n	<li>buat link akses profile jika ada di tampilan lain</li>\r\n	<li>buat control untuk mengubah status jika diperbolehkan untuk data diakses oleh staff lain</li>\r\n	<li>Memperbaiki isi session jika tidak di izinkan</li>\r\n</ol>\r\n\r\n<p>&nbsp;</p>\r\n', '2021-07-18 20:45:38', '2022-06-17 10:16:24'),
(21, 7, 'Penggabungan phpspreatsheet ke BMH.YARID.ID', 'phpexcel sudah tidak bisa dijalankan lagi terlalu banyak error jadi perlu di update ke phpspreatsheet', '2021-07-22 03:15:01', '2021-07-22 10:15:01'),
(24, 8, 'Banyak memperbaiki bahroni_blog', '<p>saya hari ini membuat</p>\r\n<ul>\r\n<li>saya membuat breadcrump untuk post dan latihan</li>\r\n<li>membuat title di latihan dan post dibagian one</li>\r\n<li>membuat category proyek</li>\r\n<li>membuat judul latihan baru \"rutinitas harian di BMH\"</li>\r\n<li>terakhir mau memperbaiki tombol group pesan di bmh.yarid.id namun tidak kesampaian</li>\r\n<li>mengingatkan donatur untuk transfer tidak kesampaian</li>\r\n</ul>', '2021-07-26 21:36:58', '2021-07-27 04:36:58'),
(25, 8, 'Hari Rabu, bismillah', '<ol>\r\n<li>Main game kucing (&radic;)</li>\r\n<li>nonton pidio (&radic;)</li>\r\n<li>youtuban (&radic;)</li>\r\n<li>Catat keuangan (&radic;)</li>\r\n<li>Kirim pesan ingatkan transfer ke donatur {mbak mia, ibu yulia, pak rois, ibu yulvita, pak guritno, fatur rozi}(&radic;)</li>\r\n<li>kirim pesan izin kunjungan kepada donatur (&radic;)</li>\r\n<li>[em-merah]Perbaiki tombol group pesan di bmh.yarid.id {50%} tinggal yg di donatur(0)[/em]</li>\r\n<li>memindah jenis donatur \"Mirzawan Poeri Dwi\" semula muamalat jadi isidentil (&radic;)</li>\r\n<li>Mengubah kategori rutin menjadi rutin perawatan lalu menambahkan kategori rutin (&radic;)</li>\r\n</ol>', '2021-07-28 02:50:14', '2021-07-28 04:24:17'),
(26, 9, 'Rabu malam, bismillah', '<ul>\r\n<li>tidur(&radic;)</li>\r\n</ul>', '2021-07-28 23:46:52', '2021-07-29 06:46:52'),
(27, 8, 'Kamis, Bismillah', '<ol>\r\n<li>Main game kucing {pagi}(&radic;)</li>\r\n<li>nonton tik {pagi}(&radic;)</li>\r\n<li>Ambil kotak pak endra(&radic;)</li>\r\n<li>Penarikan (&radic;)</li>\r\n<li>makan jemblem {2}(&radic;)</li>\r\n<li>[em-merah]perbaiki tombol di group pesan bagian donatur (0)[/em]</li>\r\n<li>Tambah tombol delete pada kolom keterangan di read donatur (&radic;)</li>\r\n</ol>', '2021-07-29 03:03:03', '2021-07-29 04:24:38'),
(28, 8, 'Jum\'at, bismillah', '<ol>\r\n<li>Main game kucing (&radic;)</li>\r\n<li>Nonton video (&radic;)</li>\r\n<li>Diskusi data tentang nomer yang ketukar (&radic;)</li>\r\n<li>Memperbaiki ckditor pada bmh.yarid.id bagian pesan(&radic;)</li>\r\n<li>sholat jum\'at(&radic;)</li>\r\n<li>makan siang(&radic;)</li>\r\n<li><span style=\"color: #ff0000;\">Menyapa 100 donatur baru (0)</span></li>\r\n<li><span style=\"color: #ff0000;\">buat pesan awal wa biasanya berisi wa (0)</span></li>\r\n</ol>', '2021-07-30 03:18:24', '2021-07-30 04:09:03'),
(29, 7, '<del>Tabel di Tab post nomer 4</del>', '<p>Step-step pengerjaan</p>\r\n\r\n<ol>\r\n	<li>Tambahkan kolom di tabel donatur dengan nama id_donatur_bwalet</li>\r\n	<li>membuat tobol untuk akses</li>\r\n	<li>siapkan di controller</li>\r\n	<li>buat tampilan dengantombol link untuk laporan</li>\r\n	<li>selesai</li>\r\n</ol>\r\n', '2021-07-30 04:07:48', '2022-06-07 10:56:02'),
(30, 8, 'Senin, Bismillah', '<ol>\r\n	<li>Main game kucing {pagi} (&radic;)</li>\r\n	<li>Nonton video {pagi} (&radic;)</li>\r\n	<li>Makan jajan {1}(&radic;)</li>\r\n	<li>Nonton viu {one punch man}(&radic;)</li>\r\n	<li>[em-kuning]Menyapa 100 donatur baru {11}(~)[/em]</li>\r\n	<li>buat pesan awal wa biasanya berisi sapaan <strong>misi menyapa donatur baru 1</strong>(1)</li>\r\n	<li>perbaiki tombol di group pesan bagian donatur (&radic;)</li>\r\n	<li>[em-merah]membuat history pesan (0)[/em]</li>\r\n</ol>\r\n', '2021-08-02 03:19:52', '2021-08-02 03:59:29'),
(31, 8, 'Selasa, Bismillah', '<ol>\r\n	<li>Main game kucing {pagi} (&radic;)</li>\r\n	<li>Nonton video {[del]t[/del],[del]yt[/del],[del]Viu[/del]} (&radic;)</li>\r\n	<li>Makan jajan {2} (&radic;)</li>\r\n	<li>[em-kuning]Menyapa 100 donatur baru {15}(~)[/em]</li>\r\n	<li>buat pesan awal wa biasanya berisi sapaan <strong>misi menyapa donatur baru 1</strong>(&radic;)</li>\r\n	<li>perbaiki tombol di group pesan bagian donatur (&radic;)</li>\r\n	<li>[em-merah]membuat history pesan (0)[/em]</li>\r\n	<li>[em-merah]Membuat laporan berapa donatur yang sudah dikirimi pesan (0)[/em]</li>\r\n	<li>Memperbaiki tombol <a href=\"https://bmh.yarid.id/index.php/donatur\">ALL Donatul</a> (&radic;)</li>\r\n	<li>[em-kuning]Menambah panggilan untuk donatur {[del]nama lengkap[/del], nama panggilan, sebutan}(0)[/em]</li>\r\n</ol>\r\n', '2021-08-03 02:50:32', '2021-08-03 08:47:26'),
(32, 10, 'Rabu, bismillah', '<p>Batu<br />\r\nKirim pesan ke calon donatur<br />\r\nBelajar (android)<br />\r\nMembuat project</p>\r\n\r\n<p>Kerikil<br />\r\nBaca Al-Qur&#39;an<br />\r\nDo&#39;a pagi petang<br />\r\nMinum habat<br />\r\nKirim pesan hikmah ke donatur<br />\r\nNgurus BPKB istri<br />\r\nBelajar veujs<br />\r\nBuka harian buzzbreak<br />\r\nBeli sabun muka</p>\r\n\r\n<p>Pasir<br />\r\nNonton yt<br />\r\nNonton t<br />\r\nNonton vie<br />\r\nMain game kucing<br />\r\nMain boosbreak<br />\r\nBuka harian smartfren</p>\r\n', '2021-08-04 01:38:21', '2021-08-04 08:38:21'),
(33, 8, 'Rabu, bismillah', '<p><strong>Batu</strong></p>\r\n\r\n<ol>\r\n	<li>[em-merah]Kirim pesan ke calon donatur(&radic;)[/em]</li>\r\n	<li>[em-merah]Belajar (android)(0)[/em]</li>\r\n	<li>[em-merah]Membuat proyek(0)[/em]</li>\r\n</ol>\r\n\r\n<hr />\r\n<p><strong>Kerikil</strong></p>\r\n\r\n<ol>\r\n	<li>[em-kuning]Baca Al-Qur&#39;an(&radic;)[/em]</li>\r\n	<li>[em-kuning]Do&#39;a pagi petang(0)[/em]</li>\r\n	<li>[em-kuning]Wirid {<s>istigfar100</s>, pemberat mizan100} (0)[/em]</li>\r\n	<li>[em-kuning]Minum habat(&radic;)[/em]</li>\r\n	<li>[em-kuning]Kirim pesan hikmah ke donatur(0)[/em]</li>\r\n	<li>[em-kuning]Ngurus BPKB istri(~)[/em]</li>\r\n	<li>[em-kuning]Belajar veujs(0)[/em]</li>\r\n	<li>[em-kuning]Buka harian buzzbreak{<s>h,s</s>}(&radic;)[/em]</li>\r\n	<li>[em-kuning]Beli sabun muka(0)[/em]</li>\r\n</ol>\r\n\r\n<hr />\r\n<p><strong>Pasir</strong></p>\r\n\r\n<ul>\r\n	<li><s>Nonton yt</s></li>\r\n	<li><s>Nonton t{1}</s></li>\r\n	<li><s>Nonton vie</s></li>\r\n	<li><s>Main game kucing</s></li>\r\n	<li><s>Buka buzzbreak</s></li>\r\n	<li><s>Buka harian smartfren</s></li>\r\n	<li><s>Makan jajan</s></li>\r\n</ul>\r\n\r\n<hr />\r\n<p><strong>Next Plan</strong></p>\r\n\r\n<ul style=\"list-style-type:square\">\r\n	<li>saat memilih donatur orang lain donatur sendiri harus juga diambil namun dengan tempat berbeda</li>\r\n	<li>[em-merah]membuat history pesan (0)[/em]</li>\r\n	<li>[em-merah]Membuat laporan berapa donatur yang sudah dikirimi pesan (0)[/em]</li>\r\n	<li>[em-kuning]Menambah panggilan untuk donatur {[del]nama lengkap[/del], nama panggilan, sebutan}(0)[/em]</li>\r\n	<li>Rating ditampilkan juga di tabel semua donatur menggantikan nomer telp untuk menseleksi donatur yang layak dikirimi pesan lagi atau tidak</li>\r\n</ul>\r\n', '2021-08-04 02:40:48', '2021-08-04 01:24:49'),
(34, 8, 'Kamis, Bismillah', '<p><strong>Batu</strong></p>\r\n\r\n<ol>\r\n	<li>[em-merah]Kirim pesan ke calon donatur(&radic;)[/em]</li>\r\n	<li>[em-merah]Belajar (android)(0)[/em]</li>\r\n	<li>[em-merah]Membuat proyek(0)[/em]</li>\r\n</ol>\r\n\r\n<hr />\r\n<p><strong>Kerikil</strong></p>\r\n\r\n<ol>\r\n	<li>[em-kuning]Baca Al-Qur&#39;an(&radic;)[/em]</li>\r\n	<li>[em-kuning]Do&#39;a pagi petang(0)[/em]</li>\r\n	<li>[em-kuning]Wirid {<s>istigfar100, pemberat mizan100</s>} (&radic;)[/em]</li>\r\n	<li>[em-kuning]Minum habat(&radic;)[/em]</li>\r\n	<li>[em-kuning]Ngurus BPKB istri(~)[/em]</li>\r\n	<li>[em-kuning]Belajar veujs(0)[/em]</li>\r\n	<li>[em-kuning]Buka harian buzzbreak{<s>h,</s>s}(&radic;)[/em]</li>\r\n	<li>[em-kuning]Rating ditampilkan juga di tabel semua donatur menggantikan nomer telp untuk menseleksi donatur yang layak dikirimi pesan lagi atau tidak[/em]</li>\r\n	<li>[em-kuning]Membuat short code canggih accordion[/em]</li>\r\n</ol>\r\n\r\n<hr />\r\n<p><strong>Pasir</strong></p>\r\n\r\n<ul>\r\n	<li><s>Nonton yt</s></li>\r\n	<li><s>Nonton t</s></li>\r\n	<li><s>Nonton vie</s></li>\r\n	<li><s>Main game kucing</s></li>\r\n	<li><s>Buka buzzbreak</s></li>\r\n	<li><s>Buka harian smartfren</s></li>\r\n</ul>\r\n\r\n<hr />\r\n<p><strong>Next Plan</strong></p>\r\n\r\n<ul style=\"list-style-type:square\">\r\n	<li>saat memilih donatur orang lain donatur sendiri harus juga diambil namun dengan tempat berbeda</li>\r\n	<li>Membuat tampilan profile setiap staff</li>\r\n	<li>[em-merah]membuat history pesan (0)[/em]</li>\r\n	<li>[em-merah]Membuat laporan berapa donatur yang sudah dikirimi pesan (0)[/em]</li>\r\n	<li>[em-kuning]Menambah panggilan untuk donatur {[del]nama lengkap[/del], nama panggilan, sebutan}(0)[/em]</li>\r\n	<li>Rating ditampilkan juga di tabel semua donatur menggantikan nomer telp untuk menseleksi donatur yang layak dikirimi pesan lagi atau tidak</li>\r\n	<li>[em-kuning]Kirim pesan hikmah ke donatur(0)[/em]</li>\r\n</ul>\r\n', '2021-08-05 02:39:24', '2021-08-05 04:39:17'),
(35, 8, 'Jum\'at, bismillah', '<p><strong>Batu</strong></p>\r\n\r\n<ol>\r\n	<li>[em-merah]Kirim pesan ke calon donatur(&radic;)[/em]</li>\r\n	<li>[em-merah]Belajar (android)(0)[/em]</li>\r\n	<li>[em-merah]Membuat proyek(0)[/em]</li>\r\n</ol>\r\n\r\n<hr />\r\n<p><strong>Kerikil</strong></p>\r\n\r\n<ol>\r\n	<li>[em-kuning]Baca Al-Qur&#39;an(&radic;)[/em]</li>\r\n	<li>[em-kuning]Do&#39;a pagi petang(0)[/em]</li>\r\n	<li>[em-kuning]Wirid {<s>istigfar100, pemberat mizan100</s>} (&radic;)[/em]</li>\r\n	<li>[em-kuning]Minum habat(&radic;)[/em]</li>\r\n	<li>[em-kuning]Ngurus BPKB istri(~)[/em]</li>\r\n	<li>[em-kuning]Belajar veujs(0)[/em]</li>\r\n	<li>[em-kuning]Buka harian buzzbreak{<s>h,</s>s}(&radic;)[/em]</li>\r\n	<li>[em-kuning]Rating ditampilkan juga di tabel semua donatur menggantikan nomer telp untuk menseleksi donatur yang layak dikirimi pesan lagi atau tidak[/em]</li>\r\n	<li>[em-kuning]Membuat short code canggih accordion[/em]</li>\r\n</ol>\r\n\r\n<hr />\r\n<p><strong>Pasir</strong></p>\r\n\r\n<ul>\r\n	<li><s>Nonton yt</s></li>\r\n	<li><s>Nonton t</s></li>\r\n	<li><s>Nonton vie</s></li>\r\n	<li><s>Main game kucing</s></li>\r\n	<li><s>Buka buzzbreak</s></li>\r\n	<li><s>Buka harian smartfren</s></li>\r\n</ul>\r\n\r\n<hr />\r\n<p><strong>Next Plan</strong></p>\r\n\r\n<ul style=\"list-style-type:square\">\r\n	<li>saat memilih donatur orang lain donatur sendiri harus juga diambil namun dengan tempat berbeda</li>\r\n	<li>Membuat tampilan profile setiap staff</li>\r\n	<li>[em-merah]membuat history pesan (0)[/em]</li>\r\n	<li>[em-merah]Membuat laporan berapa donatur yang sudah dikirimi pesan (0)[/em]</li>\r\n	<li>[em-kuning]Menambah panggilan untuk donatur {[del]nama lengkap[/del], nama panggilan, sebutan}(0)[/em]</li>\r\n	<li>Rating ditampilkan juga di tabel semua donatur menggantikan nomer telp untuk menseleksi donatur yang layak dikirimi pesan lagi atau tidak</li>\r\n	<li>[em-kuning]Kirim pesan hikmah ke donatur(0)[/em]</li>\r\n</ul>\r\n', '2021-08-06 02:01:07', '2021-08-06 09:01:07'),
(36, 8, 'Kamis, Bismillah', '<blockquote>\r\n<p>Tidak ada kesuksesan kalau hanya membuang waktu</p>\r\n</blockquote>\r\n\r\n<p><strong>Batu</strong></p>\r\n\r\n<ol>\r\n	<li>[em-merah]Kirim pesan ke calon donaturdone[/em]</li>\r\n	<li>[em-merah]Rating ditampilkan juga di tabel semua donatur menggantikan nomer telp untuk menseleksi donatur yang layak dikirimi pesan lagi atau tidakdone[/em]</li>\r\n	<li>[em-merah]Hilangkan tidak bisa login jika belum pilih donatur diganti dengan &quot;jika user tidak memilih donatur maka donatur yang dipakai adalah donatur milik user&quot; &quot;tujuannya agar lebih cepat saat login&quot;done[/em]</li>\r\n</ol>\r\n\r\n<hr />\r\n<p><strong>Kerikil</strong></p>\r\n\r\n<ol>\r\n	<li>[em-kuning]Baca Al-Qur&#39;an(0)[/em]</li>\r\n	<li>[em-kuning]Do&#39;a pagi petang(0)[/em]</li>\r\n	<li>[em-kuning]Wirid {<s>istigfar100</s>, pemberat mizan100} (0)[/em]</li>\r\n	<li>[em-kuning]Minum habat(0)[/em]</li>\r\n	<li>[em-kuning]Belajar veujs(0)[/em]</li>\r\n	<li>[em-kuning]Kirim pesan hikmah ke donatur(0)[/em]</li>\r\n</ol>\r\n\r\n<hr />\r\n<p><strong>Pasir</strong></p>\r\n\r\n<ul>\r\n	<li><s>Nonton yt</s></li>\r\n	<li><s>Nonton t</s></li>\r\n	<li><s>Nonton vie</s></li>\r\n	<li><s>Main game kucing</s></li>\r\n	<li><s>Buka buzzbreak</s></li>\r\n	<li><s>Buka harian smartfren</s></li>\r\n	<li><s>Buka harian buzzbreak{h,s}</s></li>\r\n</ul>\r\n\r\n<hr />\r\n<p><strong>Next Plan</strong></p>\r\n\r\n<ul style=\"list-style-type:square\">\r\n	<li>saat memilih donatur orang lain donatur sendiri harus juga diambil namun dengan tempat berbeda</li>\r\n	<li>Membuat tampilan profile setiap staff</li>\r\n	<li>[em-merah]membuat history pesan (0)[/em]</li>\r\n	<li>[em-merah]Membuat laporan berapa donatur yang sudah dikirimi pesan (0)[/em]</li>\r\n	<li>[em-kuning]Menambah panggilan untuk donatur {[del]nama lengkap[/del], nama panggilan, sebutan}(0)[/em]</li>\r\n	<li>[em-kuning]Membuat proyek(0)[/em]</li>\r\n	<li>[span-merah]Membuat perizinan dari staff untuk akses donatur milik staff tersebut[/span]</li>\r\n</ul>\r\n', '2021-08-12 02:33:40', '2021-08-12 03:50:54'),
(37, 11, 'Kamis, Bismillah', '<table border=\"1\" cellpadding=\"1\" cellspacing=\"1\" style=\"width:500px\">\r\n	<tbody>\r\n		<tr>\r\n			<td>No</td>\r\n			<td>Keterangan</td>\r\n			<td>Status</td>\r\n			<td>Nilai</td>\r\n		</tr>\r\n		<tr>\r\n			<td>1.</td>\r\n			<td>Beli Bensin</td>\r\n			<td>K</td>\r\n			<td>15000</td>\r\n		</tr>\r\n		<tr>\r\n			<td>2.</td>\r\n			<td>Beli Jajan</td>\r\n			<td>K</td>\r\n			<td>6000</td>\r\n		</tr>\r\n		<tr>\r\n			<td>3.</td>\r\n			<td>Setor BCA</td>\r\n			<td>K</td>\r\n			<td>150000</td>\r\n		</tr>\r\n		<tr>\r\n			<td>4</td>\r\n			<td>Jual token listrik</td>\r\n			<td>D</td>\r\n			<td>100000</td>\r\n		</tr>\r\n		<tr>\r\n			<td>5.</td>\r\n			<td>Belanja toko anton</td>\r\n			<td>K</td>\r\n			<td>33500</td>\r\n		</tr>\r\n		<tr>\r\n			<td>6.</td>\r\n			<td>Dari istri</td>\r\n			<td>D</td>\r\n			<td>10000</td>\r\n		</tr>\r\n	</tbody>\r\n</table>\r\n\r\n<p>&nbsp;</p>\r\n', '2021-08-11 21:24:06', '2021-08-13 09:43:45'),
(38, 8, 'Jum\'at, bismillah', '<blockquote>\r\n<p>Tidak ada kesuksesan kalau hanya membuang waktu</p>\r\n</blockquote>\r\n\r\n<p><strong>Batu</strong></p>\r\n\r\n<ol>\r\n	<li>[em-merah]Masukan 100 donatur lagi untuk di WAdone[/em]</li>\r\n	<li>[em-merah]Perbaiki tampilan untuk Bahasa inggris di<a href=\"http://localhost:8888/me/dropbox/bahroni_blog/index.php/post/action?ac=view&amp;id=1_16\">sini</a> done[/em]</li>\r\n	<li>[em-merah]Me-wa donatur yang sudah dimasukandone[/em]</li>\r\n</ol>\r\n\r\n<hr />\r\n<p><strong>Kerikil</strong></p>\r\n\r\n<ol>\r\n	<li>[em-kuning]Baca Al-Qur&#39;an(0)[/em]</li>\r\n	<li>[em-kuning]Do&#39;a pagi petang(0)[/em]</li>\r\n	<li>[em-kuning]Wirid {<s>istigfar100</s>, <s>pemberat mizan100</s>} done[/em]</li>\r\n	<li>[em-kuning]Minum habat(0)[/em]</li>\r\n	<li>[em-kuning]Kirim pesan hikmah ke donatur(0)[/em]</li>\r\n	<li>Belajar load XML untuk codeigniter 3</li>\r\n	<li>Nonton video dan catat belajar android</li>\r\n</ol>\r\n\r\n<hr />\r\n<p><strong>Pasir</strong></p>\r\n\r\n<ul>\r\n	<li><s>Nonton yt</s></li>\r\n	<li><s>Nonton t</s></li>\r\n	<li><s>Nonton vie</s></li>\r\n	<li><s>Main game kucing</s></li>\r\n	<li><s>Buka harian smartfren</s></li>\r\n	<li><s>Buka harian buzzbreak{h,s}</s></li>\r\n</ul>\r\n\r\n<hr />\r\n<p><strong>Next Plan</strong></p>\r\n\r\n<ul style=\"list-style-type:square\">\r\n	<li>saat memilih donatur orang lain donatur sendiri harus juga diambil namun dengan tempat berbeda</li>\r\n	<li>Membuat tampilan profile setiap staff</li>\r\n	<li>[em-merah]membuat history pesan (0)[/em]</li>\r\n	<li>[em-merah]Membuat laporan berapa donatur yang sudah dikirimi pesan (0)[/em]</li>\r\n	<li>[em-kuning]Menambah panggilan untuk donatur {[del]nama lengkap[/del], nama panggilan, sebutan}(0)[/em]</li>\r\n	<li>[em-kuning]Membuat proyek toko grosir(0)[/em]</li>\r\n	<li>Membuat proyek seblak multi tenan</li>\r\n	<li>[em-kuning]Belajar veujs(0)[/em]</li>\r\n	<li>[span-merah]Membuat perizinan dari staff untuk akses donatur milik staff tersebut[/span]</li>\r\n	<li>[span-merah]Membuat upload untuk bukti transfer[/span]</li>\r\n	<li>Membuat pagination dengan codeigniter</li>\r\n</ul>\r\n', '2021-08-13 02:21:31', '2021-08-14 10:24:24'),
(39, 9, 'Sabtu, Bismillah', '<blockquote>\r\n<p>Dirumah tetap produktif meski sibuk</p>\r\n</blockquote>\r\n\r\n<p><strong>Batu</strong></p>\r\n\r\n<ol>\r\n	<li>Belajar load XML untuk codeigniter 3</li>\r\n	<li>Nonton video dan catat belajar android</li>\r\n</ol>\r\n\r\n<hr />\r\n<p><strong>Kerikil</strong></p>\r\n\r\n<ol>\r\n	<li>[em-kuning]Baca Al-Qur&#39;an(0)[/em]</li>\r\n	<li>[em-kuning]Do&#39;a pagi petang(0)[/em]</li>\r\n	<li>[em-kuning]Wirid {<s>istigfar100</s>, <s>pemberat mizan100</s>} done[/em]</li>\r\n	<li>[em-kuning]Minum habat(0)[/em]</li>\r\n</ol>\r\n\r\n<hr />\r\n<p><strong>Pasir</strong></p>\r\n\r\n<ul>\r\n	<li><s>Nonton yt</s></li>\r\n	<li><s>Nonton t</s></li>\r\n	<li><s>Nonton vie</s></li>\r\n	<li><s>Main game kucing</s></li>\r\n	<li><s>Buka harian smartfren</s></li>\r\n	<li><s>Buka harian buzzbreak{h,s}</s></li>\r\n</ul>\r\n\r\n<hr />\r\n<p><strong>Next Plan</strong></p>\r\n\r\n<ul style=\"list-style-type:square\">\r\n	<li>saat memilih donatur orang lain donatur sendiri harus juga diambil namun dengan tempat berbeda</li>\r\n	<li>Membuat tampilan profile setiap staff</li>\r\n	<li>[em-merah]membuat history pesan (0)[/em]</li>\r\n	<li>[em-merah]Membuat laporan berapa donatur yang sudah dikirimi pesan (0)[/em]</li>\r\n	<li>[em-kuning]Menambah panggilan untuk donatur {[del]nama lengkap[/del], nama panggilan, sebutan}(0)[/em]</li>\r\n	<li>[em-kuning]Membuat proyek toko grosir(0)[/em]</li>\r\n	<li>Membuat proyek seblak multi tenan</li>\r\n	<li>[em-kuning]Belajar veujs(0)[/em]</li>\r\n	<li>[span-merah]Membuat perizinan dari staff untuk akses donatur milik staff tersebut[/span]</li>\r\n	<li>[span-merah]Membuat upload untuk bukti transfer[/span]</li>\r\n	<li>Membuat pagination dengan codeigniter</li>\r\n</ul>\r\n', '2021-08-14 03:25:08', '2021-08-14 10:28:31'),
(40, 8, 'Senin, Bismillah', '<blockquote>\r\n<p>Tidak ada kesuksesan kalau hanya membuang waktu</p>\r\n</blockquote>\r\n\r\n<p><strong>Batu</strong></p>\r\n\r\n<ol>\r\n	<li>[em-merah]Memindahkan donatur bang safar, pak slamet done[/em]</li>\r\n	<li>[em-merah]Tool untuk memindah donatur ke staff yang lain{40%}done[/em]</li>\r\n	<li>[em-merah]Membuat tampilan profile setiap staff{40%}done[/em]</li>\r\n</ol>\r\n\r\n<hr />\r\n<p><strong>Kerikil</strong></p>\r\n\r\n<ol>\r\n	<li>[em-kuning]Baca Al-Qur&#39;an(0)[/em]</li>\r\n	<li>[em-kuning]Do&#39;a pagi petang(0)[/em]</li>\r\n	<li>[em-kuning]Wirid {<s>istigfar100</s>, <s>pemberat mizan100</s>} done[/em]</li>\r\n	<li>[em-kuning]Minum habat(0)[/em]</li>\r\n	<li>Nonton video dan catat belajar android</li>\r\n</ol>\r\n\r\n<hr />\r\n<p><strong>Pasir</strong></p>\r\n\r\n<ul>\r\n	<li><s>Nonton yt</s></li>\r\n	<li><s>Nonton t</s></li>\r\n	<li><s>Nonton vie</s></li>\r\n	<li><s>Main game kucing</s></li>\r\n	<li><s>Buka harian smartfren</s></li>\r\n	<li><s>Buka harian buzzbreak{h,s}</s></li>\r\n</ul>\r\n\r\n<hr />\r\n<p><strong>Next Plan</strong></p>\r\n\r\n<ul style=\"list-style-type:square\">\r\n	<li>saat memilih donatur orang lain donatur sendiri harus juga diambil namun dengan tempat berbeda</li>\r\n	<li>[em-merah]membuat history pesan (0)[/em]</li>\r\n	<li>[em-merah]Membuat laporan berapa donatur yang sudah dikirimi pesan (0)[/em]</li>\r\n	<li>[em-kuning]Menambah panggilan untuk donatur {[del]nama lengkap[/del], nama panggilan, sebutan}(0)[/em]</li>\r\n	<li>[em-kuning]Membuat proyek toko grosir(0)[/em]</li>\r\n	<li>Membuat proyek seblak multi tenan</li>\r\n	<li>[em-kuning]Belajar veujs(0)[/em]</li>\r\n	<li>[span-merah]Membuat perizinan dari staff untuk akses donatur milik staff tersebut[/span]</li>\r\n	<li>Membuat pagination dengan codeigniter</li>\r\n	<li>[em-merah]Membuat upload untuk bukti transfer[/em]</li>\r\n</ul>\r\n', '2021-08-16 02:37:44', '2021-08-16 04:09:52'),
(41, 8, 'Rabu, bismillah', '<blockquote>\r\n<p>Tidak ada kesuksesan kalau hanya membuang waktu</p>\r\n\r\n<p>[span-merah]Tidak Melakukan banyak, capek[/span]</p>\r\n</blockquote>\r\n\r\n<p><strong>Batu</strong></p>\r\n\r\n<ol>\r\n	<li>[em-merah]Lihat youtube dan catatat stepnyadone[/em]</li>\r\n	<li>[em-merah]Tool untuk memindah donatur ke staff yang lain{40%}[/em]</li>\r\n	<li>[em-merah]Membuat tampilan profile setiap staff{60%}[/em]</li>\r\n</ol>\r\n\r\n<hr />\r\n<p><strong>Kerikil</strong></p>\r\n\r\n<ol>\r\n	<li>[em-kuning]Baca Al-Qur&#39;andone[/em]</li>\r\n	<li>[em-kuning]Do&#39;a pagi petang(0)[/em]</li>\r\n	<li>[em-kuning]Wirid {istigfar100, pemberat mizan100} done[/em]</li>\r\n	<li>[em-kuning]Minum habat(0)[/em]</li>\r\n	<li>[em-kuning]Belajar veujs(0)[/em]</li>\r\n</ol>\r\n\r\n<hr />\r\n<p><strong>Pasir</strong></p>\r\n\r\n<ul>\r\n	<li><s>Nonton yt</s></li>\r\n	<li><s>Nonton t</s></li>\r\n	<li><s>Nonton vie</s></li>\r\n	<li><s>Main game kucing</s></li>\r\n	<li>Buka harian smartfren</li>\r\n	<li>Buka harian buzzbreak{<s>honor</s>,<s>samsung</s>}</li>\r\n</ul>\r\n\r\n<hr />\r\n<p><strong>Next Plan</strong></p>\r\n\r\n<ul style=\"list-style-type:square\">\r\n	<li>saat memilih donatur orang lain donatur sendiri harus juga diambil namun dengan tempat berbeda</li>\r\n	<li>[em-merah]membuat history pesan (0)[/em]</li>\r\n	<li>[em-merah]Membuat laporan berapa donatur yang sudah dikirimi pesan (0)[/em]</li>\r\n	<li>[em-kuning]Menambah panggilan untuk donatur {[del]nama lengkap[/del], nama panggilan, sebutan}(0)[/em]</li>\r\n	<li>[em-kuning]Membuat proyek toko grosir(0)[/em]</li>\r\n	<li>Membuat proyek seblak multi tenan</li>\r\n	<li>[span-merah]Membuat perizinan dari staff untuk akses donatur milik staff tersebut[/span]</li>\r\n	<li>Membuat pagination dengan codeigniter</li>\r\n	<li>[em-merah]Membuat upload untuk bukti transfer[/em]</li>\r\n</ul>\r\n', '2021-08-18 02:32:49', '2021-08-18 03:42:39'),
(42, 8, 'Jum\'at, Bismillah', '', '2021-08-19 20:45:17', '2021-08-20 03:45:17'),
(43, 14, 'Keistimewaan memuliakan anak yatim', '<p>sumber <a href=\"https://www.instagram.com/p/CS9NQeRFJPY/\" target=\"_blank\">https://www.instagram.com/p/CS9NQeRFJPY/</a></p>\r\n\r\n<hr />\r\n<p>*Menyantuni Anak Yatim InsyaALLAH dekat dengan Rasulullah Shallallahu &lsquo;Alaihi wa Sallam*</p>\r\n\r\n<p>**Siapa yang ingin dekat dengan rasul? Semua umat muslim pasti ingin dekat dengan Rasulullah Shallallahu &lsquo;Alaihi wa Sallam*. Menyantuni anak yatim adalah hal yang sangat mulia hingga islam menjanjikan balasan yang istimewa dekat dengan Rasul di surga.</p>\r\n\r\n<p>&ldquo;*Aku dan orang yang mengasuh atau memelihara anak yatim akan berada di surga begini,&rdquo;lalu beliau mengisyaratkan dengan jari telunjuk dan jari tengah serta mengangkat sedikit.*&rdquo;<br />\r\n(HR. Bukhari, Tirmidzi, Abu Daud dan Ahmad dari sahl bin sa&rsquo;d)</p>\r\n', '2021-08-25 02:36:28', '2021-08-25 09:36:28'),
(44, 12, 'Mukadimah', '<p><strong>Bismillah</strong></p>\r\n\r\n<p>sebenarnya tidak terlalu sulit cuma mencatat suplier-suplier dan barang yang pernah dibeli disana. jadi akan terbentuk semacam history pembelian yang menarik nanti akan ada pengecekan divisi persediaan untuk kualitas barang kalau layak akan dijual sedangkan kalau tidak layak akan di kembalikan atau diretur kembali kepada supliernya.</p>\r\n\r\n<p>sistem yang akan dibuat akan memberikan urutan suplier yang memberikan harga termurah</p>\r\n\r\n<p>Suplier</p>\r\n\r\n<ul>\r\n	<li>nama</li>\r\n	<li>telp</li>\r\n	<li>provinsi</li>\r\n	<li>kab/kota</li>\r\n	<li>alamat</li>\r\n</ul>\r\n\r\n<p>Barang</p>\r\n\r\n<ul>\r\n	<li>nama</li>\r\n	<li>satuan</li>\r\n	<li>luas (optional)</li>\r\n	<li>berat (optional)</li>\r\n	<li>tinggi (optional)</li>\r\n</ul>\r\n\r\n<p>riwayat pembelian</p>\r\n\r\n<ul>\r\n	<li>Suplier</li>\r\n	<li>Barang</li>\r\n	<li>jumlah pembelian</li>\r\n	<li>harga</li>\r\n	<li>tanggal pembelian</li>\r\n</ul>\r\n', '2021-08-24 19:44:15', '2021-08-25 02:46:38'),
(45, 12, 'Kepikiran untuk tampilan suplier', '<p>Semua data suplier ditampilkan dalam bentuk tabel, dimasing-masing suplier akan ada tombol yang nantinya akan masuk halaman history pembelian dari suplier tersebut dan saat berhasil diload maka modal akan muncul untuk tambah history</p>\r\n\r\n<p>history tidak bisa dihapus hanyak bisa diedit</p>\r\n', '2021-08-27 19:06:06', '2021-08-28 02:06:06'),
(46, 11, 'September 2021', '<ol>\r\n	<li>Bensin Rp. 220.000,-</li>\r\n	<li>Smartfren Rp. 100.000,-&radic;</li>\r\n	<li>Im3/Telkomsel Rp. 50.000,-&radic;</li>\r\n	<li>STNK Rp. 50.000,-</li>\r\n	<li>Jatah 1 Bulan Rp. 100.000,- perminggu Rp. 25.000,-</li>\r\n</ol>\r\n\r\n<blockquote>\r\n<p>M1 1-3</p>\r\n\r\n<p>Jatah bensin Rp. 20.000,-&radic;</p>\r\n\r\n<p>jatah mingguan Rp. 25.000,-&radic;</p>\r\n\r\n<p>Uang di dompet Rp. 30.000,- jadi bensin Rp. 20.000,- dan uang jajan Rp. 10.000,-</p>\r\n\r\n<p>jatah sudah habis untuk minggu ini jadi masuk uang untuk minggu depan Rp. 50.000,-</p>\r\n\r\n<p><strong>usahakan jangan pakai hingga minggu depan</strong></p>\r\n</blockquote>\r\n\r\n<blockquote>\r\n<p>M2 1-7</p>\r\n\r\n<p>&quot;jatah uang Rp. 50.000,- sudah habis dipakai hari sabtu, minggu kemarin saat diwedusan jadi tadi senin harus ambil lagi uang Rp. 100.000,- untuk jatah bensin 1 minggu sekaligus jatah jajan minggu ke-2&quot;</p>\r\n\r\n<p>Saldo Rp. 100.000,-</p>\r\n\r\n<p>Jatah bensin Rp. 60.000,-</p>\r\n\r\n<table border=\"1\" cellpadding=\"1\" cellspacing=\"1\" style=\"width:500px\">\r\n	<tbody>\r\n		<tr>\r\n			<td>Hari</td>\r\n			<td>Penjelasn</td>\r\n		</tr>\r\n		<tr>\r\n			<td>Senin</td>\r\n			<td>\r\n			<p>jatah Rp. 20.000,-</p>\r\n\r\n			<p>dibelikan bensin Rp. 15.000,-</p>\r\n\r\n			<p>dibelikan jajan Faqih Rp. 4.000,-</p>\r\n\r\n			<p>[span-merah]Sisa Rp. 1.000,-[/span]</p>\r\n			</td>\r\n		</tr>\r\n		<tr>\r\n			<td>Rabu</td>\r\n			<td>\r\n			<p>Jatah Rp. 20.000,-</p>\r\n\r\n			<p>dibelikan bensin Rp. 20.000,-</p>\r\n\r\n			<p>[span-merah]sisa Rp. 0,- [/span]</p>\r\n			</td>\r\n		</tr>\r\n		<tr>\r\n			<td>Jum&#39;at</td>\r\n			<td>\r\n			<p>Jatah Rp. 20.000,-</p>\r\n\r\n			<p>dibelikan bensin Rp. 15.000,-</p>\r\n\r\n			<p>dibelikan jajan faqih Rp. 4.000,-</p>\r\n\r\n			<p>[span-merah]Sisa Rp. 1.000,-[/span]</p>\r\n			</td>\r\n		</tr>\r\n	</tbody>\r\n</table>\r\n<br />\r\nTotal sisa bensin Rp. 2.000,-<br />\r\n<s><strong>Uang jajan Rp. 40.000,-</strong></s><br />\r\nbeli sate mainan Rp. 2.000,- + beli burung Rp. 5.000,- + beli kurung Rp. 25.000,- &rArr; Rp. 32.000,-<br />\r\njadi sisa uang jajan Rp.40.000,- (-) Rp. 32.000,- = <strong>Rp. 8.000,-</strong></blockquote>\r\n\r\n<blockquote>\r\n<p>&nbsp;M3 1-7</p>\r\n\r\n<p>&quot;Jatah tinggal Rp. 8.000,-&quot;</p>\r\n\r\n<p>Saldo Rp. 60.000,-</p>\r\n\r\n<p>Jatah bensin Rp. 40.000,-</p>\r\n\r\n<table border=\"1\" cellpadding=\"1\" cellspacing=\"1\" style=\"width:500px\">\r\n	<tbody>\r\n		<tr>\r\n			<td>Hari</td>\r\n			<td>Penjelasn</td>\r\n		</tr>\r\n		<tr>\r\n			<td>Selasa</td>\r\n			<td>\r\n			<p>jatah Rp. 20.000,-</p>\r\n\r\n			<p>dibelikan bensin Rp. 20.000,-</p>\r\n\r\n			<p>[span-merah]sisa Rp. 0,- [/span]</p>\r\n			</td>\r\n		</tr>\r\n		<tr>\r\n			<td>Kamis</td>\r\n			<td>\r\n			<p>Jatah Rp. 20.000,-</p>\r\n\r\n			<p>dibelikan Rp. 15.000,-</p>\r\n\r\n			<p>[span-merah]sisa Rp. 5.000,- [/span]</p>\r\n			</td>\r\n		</tr>\r\n	</tbody>\r\n</table>\r\n\r\n<p>Total sisa bensin Rp. 0,-<br />\r\n<strong>Uang jajan <s>Rp. 10.000,-</s>, Rp. 12.000,-</strong></p>\r\n\r\n<p><s>beli susu milo Rp. 3.000,-</s> beli sosis sama snack Rp. 2.000,- pompa ban Rp. 2.000,- belikan faqih susu Rp. 3.000,-</p>\r\n\r\n<p>uang awal Rp. 5.000,- ketambahan Rp. 12.000,- plus Rp. 2.000,- untuk uang jajan ketambahan dari hasil beli oli motor Rp. 7.000,-</p>\r\n</blockquote>\r\n', '2021-08-31 03:24:55', '2021-09-17 03:54:15'),
(47, 15, 'Tahap 1', '<p>Menginstall elementor dan membuat catatan di <a href=\"http://localhost:8888/me/dropbox/bahroni_blog/index.php/latihan/action?ac=riwayat_latihan&amp;id=15\">http://localhost:8888/me/dropbox/bahroni_blog/index.php/latihan/action?ac=riwayat_latihan&amp;id=15</a></p>\r\n', '2021-09-21 20:39:26', '2021-09-22 03:39:26');
INSERT INTO `riwayat_latihan` (`id`, `id_latihan`, `title`, `description`, `createAt`, `updateAt`) VALUES
(48, 11, 'Oktober 2021', '<p><strong>Jatah Rp. 500.000,-</strong></p>\r\n\r\n<ol>\r\n	<li>Bensin Rp. 200.000,-</li>\r\n	<li>Smartfren Rp. 100.000,-&radic;</li>\r\n	<li>Im3/Telkomsel Rp. 30.000,-&radic;</li>\r\n	<li>service sepeda Rp. 50.000,-</li>\r\n	<li>Jatah 1 Bulan Rp. 100.000,- perminggu Rp. 25.000,-</li>\r\n</ol>\r\n\r\n<blockquote>\r\n<p>M1</p>\r\n</blockquote>\r\n', '2021-10-04 18:34:09', '2021-10-08 04:08:59'),
(49, 16, 'The connection was reset', '<p>The connection was reset</p>\r\n\r\n<p>error macam apa ini</p>\r\n', '2021-10-14 05:26:20', '2021-10-14 12:26:21'),
(50, 16, 'Perubahan IP utama', '<p>http://103.82.241.220/gatesystem/<br />\r\nusername : jfx_2020<br />\r\npassword : jfx2020</p>\r\n', '2021-10-15 02:04:20', '2021-10-15 09:04:20'),
(51, 17, 'Pengembangan kamus', '<p>desain database</p>\r\n\r\n<p><strong>tabel bahasa</strong></p>\r\n\r\n<blockquote>\r\n<p>id, nama</p>\r\n</blockquote>\r\n\r\n<p><strong>Tabel kata</strong></p>\r\n\r\n<blockquote>\r\n<p>id, id_bahasa, nama, arti, penjelasan</p>\r\n</blockquote>\r\n', '2021-10-15 02:32:54', '2021-10-15 09:32:54'),
(52, 16, 'OS Server', '<p>Server menggunakan OS <strong>CENTOS</strong></p>\r\n', '2021-10-25 19:08:28', '2021-10-26 02:08:28'),
(53, 7, '<del>Make read file txt for Broadcast each donatur</del>', '<p>ada masalah dalam membuat broadcast yang disimpan pada <em>database</em> yaitu database tidak bisa menyimpan icon-icon yang whatsapp sediakan, sehingga jika dipaksakan maka icon-icon itu akan diubah menjadi <del>?????</del> untuk itu harus dimasukkan daam file .txt lalu diambil melalui library dan ditampilkan di view</p>\r\n\r\n<p>step-step pengerjaan</p>\r\n\r\n<ol>\r\n	<li>buat tabel untuk menampung text apa saja yang adadone</li>\r\n	<li>setelah buat tabel buat menu dibawah group tema karena hampir mirip nanti tampilannyadone</li>\r\n	<li>buat method atau fungsi di controllerdone</li>\r\n	<li>buat library untuk load file dan uji cobadone</li>\r\n	<li>Jika sudah berhasildone</li>\r\n	<li>buat CURD untuk tabel yang sudah dibuatdone</li>\r\n</ol>\r\n', '2022-05-30 19:01:09', '2022-06-07 10:55:35'),
(54, 7, 'Membuat absen dengan cara login', '<p>login bisa dijadikan alat untuk absen, jadi awal datang kita login itu awal masuk tidak peduli jam berapa di pagi hari yang pasti kalau terlalu pagi dikasih keterangan.</p>\r\n\r\n<p>logout bisa untuk pulang tapi bagaimana jika logout pada sebelum jam pulang maka dianggap logout biasa, logout bisa dianggap pulang kalau posisi logout sesudah ashar.</p>\r\n\r\n<p>bagaimana jika lupa logout maka dianggap tidak pulang hari itu dianggap lupa logout</p>\r\n', '2022-06-07 03:54:55', '2022-06-07 10:54:55'),
(55, 7, '<del>membuat frontend untuk bmh.yarid.id</del>', '<p>tujuannya memantau kinerja marketing online</p>\r\n\r\n<p>yang akan dibuat</p>\r\n\r\n<ol>\r\n	<li>apa saja yang dikerjakan seharian</li>\r\n	<li>berapa banyak pesan yang dikirim perhari</li>\r\n</ol>\r\n\r\n<table>\r\n	<tbody>\r\n		<tr>\r\n			<th>Penjelasan</th>\r\n			<th>Status</th>\r\n		</tr>\r\n		<tr>\r\n			<td>Jumlah donatur yang dikirimi pesan</td>\r\n			<td>&nbsp;</td>\r\n		</tr>\r\n		<tr>\r\n			<td>jumlah data yang dimasukkan hari itu</td>\r\n			<td>&nbsp;</td>\r\n		</tr>\r\n		<tr>\r\n			<td>kegiatan harian</td>\r\n			<td>&nbsp;</td>\r\n		</tr>\r\n		<tr>\r\n			<td>setting frontend</td>\r\n			<td>done</td>\r\n		</tr>\r\n	</tbody>\r\n</table>\r\n\r\n<p>&nbsp;</p>\r\n', '2022-06-07 20:58:19', '2022-06-17 10:15:55'),
(56, 7, '<del>Membuat frontend</del>', '<p>Cara buat table freeze kolom pertama</p>\r\n\r\n<p>[pre]</p>\r\n\r\n<p>/* CSS */</p>\r\n\r\n<pre>\r\n<code>.table &gt; thead:first-child &gt; tr:first-child &gt; th:first-child {\r\n    position: absolute;\r\n    display: inline-block;\r\n    background-color: red;\r\n    height: 100%;\r\n}\r\n\r\n.table &gt; tbody &gt; tr &gt; td:first-child {\r\n    position: absolute;\r\n    display: inline-block;\r\n    background-color: red;\r\n    height: 100%;\r\n}\r\n\r\n.table &gt; thead:first-child &gt; tr:first-child &gt; th:nth-child(2) {\r\n    padding-left: 40px;\r\n}\r\n\r\n.table &gt; tbody &gt; tr &gt; td:nth-child(2) {\r\n    padding-left: 50px !important;\r\n}</code></pre>\r\n\r\n<p>[/pre]</p>\r\n', '2022-06-15 22:42:52', '2022-06-17 10:15:37'),
(57, 7, 'Revisi #1', '<ol>\r\n	<li>karantina 1 donatu &quot;profile donatur&quot;</li>\r\n	<li>mencari donatur berdasarkan nama/nomer di karantina/pasif donatur</li>\r\n</ol>\r\n', '2022-06-17 03:20:46', '2022-06-17 10:20:46'),
(58, 19, 'Task MAIL', '<p>Search &quot;<a href=\"mailto:customer@obajatour.com\" target=\"_blank\">customer@obajatour.com</a>&quot; (7 hits in 6 files of 23419 searched)</p>\r\n\r\n<p>&nbsp; C:\\xampp\\htdocs\\me\\obaja\\obajatour\\api\\include\\fungsi.php (1 hit)</p>\r\n\r\n<p>Line 1591: $mail-&gt;Username = &#39;<a href=\"mailto:customer@obajatour.com\" target=\"_blank\">customer@obajatour.com</a>&#39;;&nbsp; &nbsp; &nbsp; &nbsp; &nbsp; &nbsp; &nbsp; &nbsp; &nbsp;// SMTP username</p>\r\n\r\n<p>&nbsp; C:\\xampp\\htdocs\\me\\obaja\\obajatour\\api\\test_email.php (1 hit)</p>\r\n\r\n<p>Line&nbsp; 84: //&nbsp; &nbsp; &nbsp;$mail-&gt;Username = &#39;<a href=\"mailto:customer@obajatour.com\" target=\"_blank\">customer@obajatour.com</a>&#39;;&nbsp; &nbsp; &nbsp; &nbsp; &nbsp; &nbsp; &nbsp; &nbsp; &nbsp;// SMTP username</p>\r\n\r\n<p>&nbsp; C:\\xampp\\htdocs\\me\\obaja\\obajatour\\application\\controllers\\Pages.php (2 hits)</p>\r\n\r\n<p>Line 272:&nbsp; &nbsp; &nbsp;$mail-&gt;Username = &#39;<a href=\"mailto:customer@obajatour.com\" target=\"_blank\">customer@obajatour.com</a>&#39;;&nbsp; &nbsp; &nbsp; &nbsp; &nbsp; &nbsp; &nbsp; &nbsp; &nbsp;// SMTP username</p>\r\n\r\n<p>Line 311:&nbsp; &nbsp;//&nbsp; &nbsp; &nbsp;$config[&#39;smtp_user&#39;] = &#39;<a href=\"mailto:customer@obajatour.com\" target=\"_blank\">customer@obajatour.com</a>&#39;;</p>\r\n\r\n<p>&nbsp; C:\\xampp\\htdocs\\me\\obaja\\obajatour\\application\\controllers\\Tour.php (1 hit)</p>\r\n\r\n<p>Line&nbsp; 712:&nbsp; &nbsp; &nbsp; &nbsp; &nbsp;$config[&#39;smtp_user&#39;] = &#39;<a href=\"mailto:customer@obajatour.com\" target=\"_blank\">customer@obajatour.com</a>&#39;;</p>\r\n\r\n<p>&nbsp; C:\\xampp\\htdocs\\me\\obaja\\obajatour\\assets\\development\\api\\include\\fungsi.php (1 hit)</p>\r\n\r\n<p>Line 1592: $mail-&gt;Username = &#39;<a href=\"mailto:customer@obajatour.com\" target=\"_blank\">customer@obajatour.com</a>&#39;;&nbsp; &nbsp; &nbsp; &nbsp; &nbsp; &nbsp; &nbsp; &nbsp; &nbsp;// SMTP username</p>\r\n\r\n<p>&nbsp; C:\\xampp\\htdocs\\me\\obaja\\obajatour\\assets\\development\\api\\test_email.php (1 hit)</p>\r\n\r\n<p>Line&nbsp; 84: //&nbsp; &nbsp; &nbsp;$mail-&gt;Username = &#39;<a href=\"mailto:customer@obajatour.com\" target=\"_blank\">customer@obajatour.com</a>&#39;;&nbsp; &nbsp; &nbsp; &nbsp; &nbsp; &nbsp; &nbsp; &nbsp; &nbsp;// SMTP username</p>\r\n', '2022-08-03 18:27:47', '2022-08-04 01:27:47'),
(59, 19, 'Task Email #yangHarusDiBuat', '<p>[02/08, 20:49] Jo!!Client: to: <a href=\"mailto:counter@obajatour.com\" target=\"_blank\">counter@obajatour.com</a></p>\r\n\r\n<p>cc: <a href=\"mailto:budiman@obajatour.com\" target=\"_blank\">budiman@obajatour.com</a>, <a href=\"mailto:joshualeonard888@gmail.com\" target=\"_blank\">joshualeonard888@gmail.com</a></p>\r\n\r\n<p>[02/08, 20:56] Jo!!Client: judul email:</p>\r\n\r\n<p>&nbsp;</p>\r\n\r\n<p>New Tour Booking from Website [Nama Paket Tour]</p>\r\n\r\n<p>[02/08, 20:57] Jo!!Client: itu yg tour name, bpk ambil dari nama tournya</p>\r\n\r\n<p>[02/08, 20:57] Jo!!Client: name, email, total pax, booking date itu hrsnya bisa bpk dptin jg valuenya</p>\r\n\r\n<p>[02/08, 20:57] Jo!!Client: dari formnya</p>\r\n\r\n<p>[02/08, 20:57] Jo!!Client: isi email:</p>\r\n\r\n<p>&nbsp;</p>\r\n\r\n<p>Hi,</p>\r\n\r\n<p>&nbsp;</p>\r\n\r\n<p>There is a new Tour Booking from Website.</p>\r\n\r\n<p>&nbsp;</p>\r\n\r\n<p>Tour Name:&nbsp;</p>\r\n\r\n<p>Name:&nbsp;</p>\r\n\r\n<p>Phone:&nbsp;</p>\r\n\r\n<p>Email:&nbsp;</p>\r\n\r\n<p>Total Pax:</p>\r\n\r\n<p>Booking Date:</p>\r\n\r\n<p>&nbsp;</p>\r\n\r\n<p>Please check the Backoffice to see the details.</p>\r\n\r\n<p>&nbsp;</p>\r\n\r\n<p>Thank you.</p>\r\n\r\n<p>[02/08, 20:59] Jo!!Client: ini notifnya terkirim saat di sisi frontend, customer ke menu tour --&gt; pilih area --&gt; pilih tour --&gt; pilih tanggal --&gt; klik book now --&gt; isi form --&gt; *submit*</p>\r\n\r\n<p>[02/08, 20:59] Jo!!Client: total pax = num of members</p>\r\n', '2022-08-03 20:07:56', '2022-08-04 03:07:56'),
(60, 19, '{URGENT]Sebelum senin harus sudah selesai', '<p><a href=\"https://docs.google.com/document/d/1PuXGOt6UQ-Ntk_SAUrXOS7gE7sEK32c-ViFmcScrKfs/edit?usp=sharing\" target=\"_blank\">Klik</a></p>\r\n\r\n<hr />\r\n<p>tambah column date of birth pada reservation_tour</p>\r\n\r\n<p>[code]ALTER TABLE `reservation_tour`&nbsp; ADD `dob` DATE NULL DEFAULT NULL&nbsp; AFTER `pay_status`;[/code]</p>\r\n', '2022-08-07 04:25:36', '2022-08-07 12:59:34'),
(61, 19, 'penambahan table', '<p>[pre]<br />\r\ncreate table reservation_tour_members_visa(<br />\r\n&nbsp;&nbsp; &nbsp;id_member bigint,<br />\r\n&nbsp;&nbsp; &nbsp;id_jenis_visa bigint null,<br />\r\n&nbsp;&nbsp; &nbsp;id_harga_visa bigint null,<br />\r\n)Engine=InnoDB;<br />\r\n[/pre]</p>\r\n\r\n<p>[pre]</p>\r\n\r\n<p>ALTER TABLE `reservation_tour_members`&nbsp; ADD `pass_img` TEXT NULL&nbsp; AFTER `pass_exp`;</p>\r\n\r\n<p>[/pre]</p>\r\n', '2022-08-11 04:22:35', '2022-08-15 01:38:47'),
(62, 19, 'Settingan email smtp', '<p>public function testmail(){<br />\r\n&nbsp;&nbsp;&nbsp;&nbsp;&nbsp;&nbsp;&nbsp; $config[&#39;protocol&#39;] = &quot;smtp&quot;;<br />\r\n&nbsp;&nbsp;&nbsp;&nbsp;&nbsp;&nbsp;&nbsp; $config[&#39;smtp_host&#39;] = &#39;smtp.gmail.com&#39;;<br />\r\n&nbsp;&nbsp;&nbsp;&nbsp;&nbsp;&nbsp;&nbsp; $config[&#39;smtp_port&#39;] = 587;<br />\r\n&nbsp;&nbsp;&nbsp;&nbsp;&nbsp;&nbsp;&nbsp; $config[&#39;smtp_user&#39;] = &#39;customer@obajatour.com&#39;;<br />\r\n&nbsp;&nbsp;&nbsp;&nbsp;&nbsp;&nbsp;&nbsp; $config[&#39;smtp_pass&#39;] = &#39;Powerobaja&#39;;<br />\r\n&nbsp;&nbsp;&nbsp;&nbsp;&nbsp;&nbsp;&nbsp; $config[&#39;smtp_crypto&#39;] = &#39;tls&#39;;<br />\r\n&nbsp;&nbsp;&nbsp;&nbsp;&nbsp;&nbsp;&nbsp; $config[&#39;mailtype&#39;] = &#39;html&#39;;<br />\r\n&nbsp;&nbsp;&nbsp;&nbsp;&nbsp;&nbsp;&nbsp; $config[&#39;charset&#39;] = &#39;utf-8&#39;;<br />\r\n&nbsp;&nbsp;&nbsp;&nbsp;&nbsp;&nbsp;&nbsp; $config[&#39;wordwrap&#39;] = TRUE;</p>\r\n\r\n<p>&nbsp;&nbsp; &nbsp;&nbsp;&nbsp; &nbsp;$this-&gt;email-&gt;initialize($config);<br />\r\n&nbsp;&nbsp; &nbsp;&nbsp;&nbsp; &nbsp;$this-&gt;email-&gt;set_newline(&quot;\\r\\n&quot;);</p>\r\n\r\n<p>&nbsp;&nbsp;&nbsp;&nbsp;&nbsp;&nbsp;&nbsp; $this-&gt;email-&gt;from(&#39;tour@obajatour.com&#39;, &#39;Obaja Tour&#39;);<br />\r\n&nbsp;&nbsp;&nbsp;&nbsp;&nbsp;&nbsp;&nbsp; $this-&gt;email-&gt;to(&#39;praymeid@gmail.com&#39;);<br />\r\n&nbsp;&nbsp;&nbsp;&nbsp;&nbsp;&nbsp;&nbsp; $this-&gt;email-&gt;subject(&#39;Obajatour bookingtour travel&#39;);<br />\r\n&nbsp;&nbsp;&nbsp;&nbsp;&nbsp;&nbsp;&nbsp; $this-&gt;email-&gt;message(&#39;&lt;!DOCTYPE html&gt;&lt;html&gt;&lt;head&gt;&lt;title&gt;Ktoś wyświetlił stronę!&lt;/title&gt;&lt;/head&gt;&lt;body&gt;&lt;p&gt;Ktoś wyświetlił stronę&lt;/p&gt;&lt;/body&gt;&lt;/html&gt;&#39;);</p>\r\n\r\n<p>&nbsp;&nbsp;&nbsp;&nbsp;&nbsp;&nbsp;&nbsp; if ($this-&gt;email-&gt;send()) {<br />\r\n&nbsp;&nbsp;&nbsp;&nbsp;&nbsp;&nbsp;&nbsp;&nbsp;&nbsp;&nbsp;&nbsp; echo &#39;Your Email has successfully been sent.&#39;;<br />\r\n&nbsp;&nbsp;&nbsp;&nbsp;&nbsp;&nbsp;&nbsp; } else {<br />\r\n&nbsp;&nbsp;&nbsp;&nbsp;&nbsp;&nbsp;&nbsp;&nbsp;&nbsp;&nbsp;&nbsp; show_error($this-&gt;email-&gt;print_debugger());<br />\r\n&nbsp;&nbsp;&nbsp;&nbsp;&nbsp;&nbsp;&nbsp; }<br />\r\n&nbsp;&nbsp; &nbsp;}</p>\r\n', '2022-08-12 03:26:28', '2022-08-12 10:26:28'),
(63, 20, '13 Agustus 2022', '<p>277 - 318</p>\r\n', '2022-08-12 18:03:17', '2022-08-13 01:03:17'),
(64, 19, 'modifikasi database obajatour', '<p>[pre]ALTER TABLE `tour_main`&nbsp; ADD `fake_num_of_members` INT NOT NULL DEFAULT &#39;0&#39;&nbsp; AFTER `status_deleted`;[/pre]</p>\r\n\r\n<p>[pre]<code><a href=\"http://localhost/phpmyadmin/url.php?url=https://dev.mysql.com/doc/refman/8.0/en/alter-table.html\" target=\"mysql_doc\">ALTER</a> <a href=\"http://localhost/phpmyadmin/url.php?url=https://dev.mysql.com/doc/refman/8.0/en/alter-table.html\" target=\"mysql_doc\">TABLE</a> `reservation_tour` CHANGE `country` `country` <a href=\"http://localhost/phpmyadmin/url.php?url=https://dev.mysql.com/doc/refman/8.0/en/string-types.html\" target=\"mysql_doc\">CHAR</a>(10) <a href=\"http://localhost/phpmyadmin/url.php?url=https://dev.mysql.com/doc/refman/8.0/en/charset.html\" target=\"mysql_doc\">CHARACTER</a> <a href=\"http://localhost/phpmyadmin/url.php?url=https://dev.mysql.com/doc/refman/8.0/en/charset.html\" target=\"mysql_doc\">SET</a> latin1 <a href=\"http://localhost/phpmyadmin/url.php?url=https://dev.mysql.com/doc/refman/8.0/en/charset-collations.html\" target=\"mysql_doc\">COLLATE</a> latin1_swedish_ci NULL <a href=\"http://localhost/phpmyadmin/url.php?url=https://dev.mysql.com/doc/refman/8.0/en/miscellaneous-functions.html#function_default\" target=\"mysql_doc\">DEFAULT</a> &#39;ID&#39;; </code>[/pre]</p>\r\n', '2022-08-15 23:20:55', '2022-08-16 06:27:52'),
(65, 19, 'Cara Buat Validasi HTML5 dengan jQuery', '<p>[pre]<br />\r\nfunction bookerNotBlank(){<br />\r\n&nbsp;&nbsp; &nbsp;var elements = $(&quot;.booker&quot;);<br />\r\n&nbsp;&nbsp;&nbsp; for (var i = 0; i &lt; elements.length; i++) {<br />\r\n&nbsp;&nbsp;&nbsp;&nbsp;&nbsp;&nbsp;&nbsp; elements[i].oninvalid = function(e) {<br />\r\n&nbsp;&nbsp;&nbsp;&nbsp;&nbsp;&nbsp;&nbsp;&nbsp;&nbsp;&nbsp;&nbsp; e.target.setCustomValidity(&quot;&quot;);<br />\r\n&nbsp;&nbsp;&nbsp;&nbsp;&nbsp;&nbsp;&nbsp;&nbsp;&nbsp;&nbsp;&nbsp; if (!e.target.validity.valid) {<br />\r\n&nbsp;&nbsp;&nbsp;&nbsp;&nbsp;&nbsp;&nbsp;&nbsp;&nbsp;&nbsp;&nbsp;&nbsp;&nbsp;&nbsp;&nbsp; e.target.setCustomValidity(&quot;This field cannot be left blank&quot;);<br />\r\n&nbsp;&nbsp;&nbsp;&nbsp;&nbsp;&nbsp;&nbsp;&nbsp;&nbsp;&nbsp;&nbsp; }<br />\r\n&nbsp;&nbsp;&nbsp;&nbsp;&nbsp;&nbsp;&nbsp; };<br />\r\n&nbsp;&nbsp;&nbsp;&nbsp;&nbsp;&nbsp;&nbsp; elements[i].oninput = function(e) {<br />\r\n&nbsp;&nbsp;&nbsp;&nbsp;&nbsp;&nbsp;&nbsp;&nbsp;&nbsp;&nbsp;&nbsp; e.target.setCustomValidity(&quot;&quot;);<br />\r\n&nbsp;&nbsp;&nbsp;&nbsp;&nbsp;&nbsp;&nbsp; };<br />\r\n&nbsp;&nbsp;&nbsp; }<br />\r\n}<br />\r\n[/pre]</p>\r\n', '2022-08-17 03:47:57', '2022-08-17 10:47:57'),
(66, 19, '', '<p>[pre]ALTER TABLE `users`&nbsp; ADD `dob` DATE NULL&nbsp; AFTER `id_city`,&nbsp; ADD `mr_mrs` ENUM(&#39;mr&#39;,&#39;mrs&#39;,&#39;miss&#39;,&#39;mstr&#39;,&#39;inf&#39;,&#39;ms&#39;) NULL&nbsp; AFTER `dob`,&nbsp; ADD `hobbies` text NULL&nbsp; AFTER `mr_mrs`,&nbsp; ADD `pass_num` varchar(100) NULL&nbsp; AFTER `hobbies`,&nbsp; ADD `pass_exp` DATE NULL&nbsp; AFTER `pass_num`,&nbsp; ADD `pass_img` text NULL&nbsp; AFTER `pass_exp`, ADD `pass_issue` text NULL&nbsp; AFTER `pass_img`, ADD `visa_country` bigint NULL&nbsp; AFTER `pass_issue`, ADD `visa_exp` DATE NULL&nbsp; AFTER `visa_country`, ADD `visa_img` TEXT NULL&nbsp; AFTER `visa_country`;[/pre]</p>\r\n\r\n<p>[pre]<br />\r\nALTER TABLE `users`&nbsp; ADD `id_country` CHAR(10) NULL&nbsp; AFTER `ReferalShare`,&nbsp; ADD `id_city` CHAR(10) NULL&nbsp; AFTER `id_country`;<br />\r\n[/pre]</p>\r\n\r\n<p>[pre]ALTER TABLE `reservation_tour`&nbsp; ADD `userid` BIGINT;[/pre]</p>\r\n', '2022-08-19 00:08:37', '2022-08-21 10:13:17'),
(67, 19, 'checkbox datepicker', '<p>[pre]</p>\r\n\r\n<pre>\r\n<code>$(&quot;#txtSearch&quot;).datepicker(&quot;enable&quot;);\r\n$(&quot;#txtSearch&quot;).datepicker(&quot;disable&quot;);</code></pre>\r\n\r\n<p><code>[/pre]</code></p>\r\n\r\n<p>This disables the entire textbox. So may be you can use <a href=\"http://jqueryui.com/demos/datepicker/#method-destroy\"><code>datepicker.destroy()</code></a> instead:</p>\r\n\r\n<p>[pre]</p>\r\n\r\n<pre>\r\n<code>$(document).ready(function() {\r\n    $(&quot;#ddlSearchType&quot;).change(function() {\r\n        if ($(this).val() == &quot;Required Date&quot; || $(this).val() == &quot;Submitted Date&quot;) {\r\n            $(&quot;#txtSearch&quot;).datepicker();\r\n        }\r\n        else {\r\n            $(&quot;#txtSearch&quot;).datepicker(&quot;destroy&quot;);\r\n        }\r\n    }).change();\r\n});</code></pre>\r\n\r\n<p><br />\r\n[/pre]</p>\r\n', '2022-08-24 23:22:54', '2022-08-25 06:22:54'),
(68, 20, 'tambahan keterangan', '<div dir=\"ltr\">\r\n<div>Projects itu ambil fee 12% ya?</div>\r\n<div></div>\r\n<div>Kalo nggak mas nya naekin bid nya jadi 600 ribu.</div>\r\n<div></div>\r\n<div>Web nya Closecrowds.com</div>\r\n<div>Contoh product yang udah di buat:</div>\r\n<div><a href=\"https://www.closecrowds.com/downloads/diverge-ai-robotics-website-themes/\">https://www.closecrowds.com/downloads/diverge-ai-robotics-website-themes/</a></div>\r\n<div>Content nya ambil dari sini</div>\r\n<div><a href=\"https://elements.envato.com/wordpress/template-kits/sort-by-latest\">https://elements.envato.com/wordpress/template-kits/sort-by-latest</a></div>\r\n<div></div>\r\n<div>Mas nya butuh download image nya, terus copy deskripsi nya (nggak semua deskripsi tapi hanya sampai batas feature), terus copy link nya.</div>\r\n<div>Kalo theme nya bagus, mas klik feature product nya, kalo theme nya kurang bagus, mas nya turunin harga jadi 15 dollar. Terus input link download yang di ambil dari Mega.nz (di mega ini ada 2400 produk jadi mas gunakan fitur search buat cari sesuai judul)\r\n</div>\r\n<div>Pilih kategori sesuai envato, input tags dan seterusnya yang detil2 gak banyak perubahan.\r\n</div>\r\n<div>Cuma di deskripsi ada keyword misal Template kit elementor, itu orang awam ga paham jadi mas nya edit dikit misal jadi wordpress theme, dan sejenisnya spya orang awam gak bingung.\r\n</div>\r\n<div></div>\r\n<div>Nanti ada link report yang saya minta sesuai format karena dari link itu saya harus buat link live preview.</div>\r\n<div></div>\r\n<div>Sepertinya itu saja, mas nya lihat2 dulu, nanti jam 8 begitu saya test untuk lihat kerjaan mas nya.</div>\r\n<div></div>\r\n<div>Di envato ini ada 2400 produk. \r\n</div>\r\n<div>Saya pekerjakan pekerja lain yang kerja untuk posting 1200, \r\n</div>\r\n<div>dia posting untuk produk ini<div>\r\n<div>Automotive &amp; Transport	76</div>\r\n<div>Blog &amp; Podcast	31</div>\r\n<div>Education	75</div>\r\n<div>Event &amp; Entertainment	64</div>\r\n<div>Fashion &amp; Beauty	102</div>\r\n<div>Finance &amp; Law	109</div>\r\n<div>Fiood &amp; Drink	143</div>\r\n<div>Health &amp; Medical	146</div>\r\n<div>News &amp; Magazine	38</div>\r\n<div>Non Profit &amp; Religion	50</div>\r\n<div>Personal &amp; CV	64</div>\r\n<div>Photography	37</div>\r\n<div>Real Estate &amp; Construction	148</div>\r\n<div>Shopping &amp; Commerce	106</div>\r\n<div>Wedding	22</div>\r\n</div>\r\n\r\n</div>\r\n<div></div>\r\n<div>Mas nya kerjakan produk selain dari kategori ini.</div>\r\n<div></div>\r\n<div></div>\r\n</div>', '2022-09-07 04:47:55', '2022-09-07 11:47:55'),
(69, 19, 'backup backend/v_footer.php', '<hr/>\r\nline 337\r\n[pre]\r\n	$(\'#formTourBooking\').on(\'submit\',function(e){\r\n		e.preventDefault()\r\n		let dob=$(\'input[name=\"dob\"]\').val()\r\n		let first_name=$(\'input[name=\"first_name\"]\').val()\r\n		let last_name=$(\'input[name=\"last_name\"]\').val()\r\n		\r\n		const emailValue=[first_name,last_name,dob]\r\n		\r\n		$.post(\'<?php echo site_url(\"ajax/checkEmailValid\"); ?>\',{email:emailValue},function(data){\r\n			let num = parseInt(data)\r\n		\r\n			if(num > 0){\r\n				$(\'input[name=\"first_name\"]\').parent().addClass(\'has-error\')\r\n				$(\'input[name=\"last_name\"]\').parent().addClass(\'has-error\')\r\n				$(\'input[name=\"dob\"]\').parent().addClass(\'has-error\')\r\n\r\n				if($(\'#first_name_alert\').length > 0){\r\n					$(\'#first_name_alert\').text(\'First Name is already exists\')\r\n				}else{\r\n					$(\'input[name=\"first_name\"]\').parent().append(\'<span id=\"first_name_alert\" class=\"first_name_alert text-red\">First Name is already exists</span>\')\r\n				}\r\n				\r\n				if($(\'#last_name_alert\').length > 0){\r\n					$(\'#last_name_alert\').text(\'Last Name is already exists\')\r\n				}else{\r\n					$(\'input[name=\"last_name\"]\').parent().append(\'<span id=\"last_name_alert\" class=\"last_name_alert text-red\">Last Name is already exists</span>\')\r\n				}\r\n				\r\n				if($(\'#dob_alert\').length > 0){\r\n					$(\'#dob_alert\').text(\'Date Of Birth is already exists\')\r\n				}else{\r\n					$(\'input[name=\"dob\"]\').parent().append(\'<span id=\"dob_alert\" class=\"dob_alert text-red\">Date Of Birth is already exists</span>\')\r\n				}\r\n				\r\n			}else{\r\n				$(\'input[name=\"first_name\"]\').parent().removeClass(\'has-error\')\r\n				$(\'#first_name_alert\').text(\'\')\r\n				$(\'input[name=\"last_name\"]\').parent().removeClass(\'has-error\')\r\n				$(\'#last_name_alert\').text(\'\')\r\n				$(\'input[name=\"dob\"]\').parent().removeClass(\'has-error\')\r\n				$(\'#dob_alert\').text(\'\')\r\n			}\r\n		})\r\n		/*let i_plus=$(\'.has-error\').length\r\n		if(i_plus===0) this.submit()*/\r\n	})\r\n[/pre]', '2022-10-01 22:06:32', '2022-10-02 05:06:32'),
(70, 19, 'tips dan trik javascript/jQuery', '<p>1. Buat scrool auto top</p>\r\n\r\n<blockquote>\r\n<p>[code]<code>window.scrollTo({top: 0, behavior: &#39;smooth&#39;});</code>[/code]</p>\r\n</blockquote>\r\n', '2022-10-01 23:33:02', '2022-10-02 06:35:36'),
(71, 19, 'backup backend/v_footer.php', '[pre]\r\nlet dob=$(\'input[name=\"dob\"]\').val()\r\n		let first_name=$(\'input[name=\"first_name\"]\').val()\r\n		let last_name=$(\'input[name=\"last_name\"]\').val()\r\n		\r\n		const emailValue=[first_name,last_name,dob]\r\n		\r\n		$.post(\'<?php echo site_url(\"ajax/checkEmailValid\"); ?>\',{email:emailValue},function(data){\r\n			let num = parseInt(data)\r\n		\r\n			if(num > 0){\r\n				$(\'#main-alert\').html(\'<i class=\"fa fa-ban\"></i> First Name, Last Name and Date Of birth could potentially already exist\')\r\n				\r\n				window.scrollTo({top: 0, behavior: \'smooth\'})\r\n			}else{\r\n				$(\'#main-alert\').html(\'\')\r\n			}\r\n		})\r\n[/pre]', '2022-10-02 18:32:46', '2022-10-03 01:32:46'),
(72, 20, 'SQ laporan', '<p>[pre]select id,url from laporan_wp where edisi=2 and url&lt;&gt;&#39;&#39; and url_preview&lt;&gt;&#39;OFF&#39;[/pre]</p>\r\n\r\n<p>[pre]select count(id) from laporan_wp where edisi=2 and url_preview=&#39;OFF&#39;[/pre]</p>\r\n', '2022-10-04 23:41:30', '2022-10-05 06:53:12'),
(73, 23, 'https://app.infinityfree.net/', '<p><strong>https://app.infinityfree.net/register </strong>adalah domain gratis dengan subdomain-subdomain yang kita buat sendiri namun main domainnya ditentukan server</p>\r\n\r\n<p>kami terdaftar dengan email : padukaroni@yahoo.com dan password : mQfg33gJJE8T3U8</p>\r\n\r\n<blockquote>\r\n<p>subdomain =&gt; postwp.rf.gd</p>\r\n\r\n<p>username : epiz_32748460 dan password : VGBHmDWH2U8h7DM</p>\r\n</blockquote>\r\n', '2022-10-08 05:09:53', '2022-10-08 03:44:24'),
(74, 20, '#titip, laporan BMH', '<p>[pre]</p>\r\n\r\n<p>create table main_ondebmh(<br />\r\n&nbsp;&nbsp; &nbsp;id bigint auto_increment,<br />\r\n&nbsp;&nbsp; &nbsp;panggilan varchar(100) not null,<br />\r\n&nbsp;&nbsp; &nbsp;tgl date not null,<br />\r\n&nbsp;&nbsp; &nbsp;update_at timestamp null,<br />\r\n&nbsp;&nbsp; &nbsp;create_at timestamp default current_timestamp,<br />\r\n&nbsp;&nbsp; &nbsp;primary key(id)<br />\r\n)Engine=InnoDB;</p>\r\n\r\n<p>create table pesan_ondebmh(<br />\r\n&nbsp;&nbsp; &nbsp;code char(10) not null,<br />\r\n&nbsp;&nbsp; &nbsp;id_main bigint default 0,<br />\r\n&nbsp;&nbsp; &nbsp;isi_pesan text not null,<br />\r\n&nbsp;&nbsp; &nbsp;status varchar(10) default &#39;terkirim&#39;,<br />\r\n&nbsp;&nbsp; &nbsp;tgl date not null,<br />\r\n&nbsp;&nbsp; &nbsp;update_at timestamp null,<br />\r\n&nbsp;&nbsp; &nbsp;create_at timestamp default current_timestamp,<br />\r\n&nbsp;&nbsp; &nbsp;primary key(code)<br />\r\n)Engine=InnoDB;</p>\r\n\r\n<p><br />\r\n[/pre]</p>\r\n', '2022-10-23 23:15:54', '2022-10-24 06:15:54');

-- --------------------------------------------------------

--
-- Table structure for table `user`
--

CREATE TABLE `user` (
  `id` bigint(20) NOT NULL,
  `firstName` varchar(50) COLLATE utf8mb4_unicode_ci DEFAULT NULL,
  `middleName` varchar(50) COLLATE utf8mb4_unicode_ci DEFAULT NULL,
  `lastName` varchar(50) COLLATE utf8mb4_unicode_ci DEFAULT NULL,
  `mobile` varchar(15) COLLATE utf8mb4_unicode_ci DEFAULT NULL,
  `email` varchar(50) COLLATE utf8mb4_unicode_ci DEFAULT NULL,
  `passwordHash` varchar(32) COLLATE utf8mb4_unicode_ci NOT NULL,
  `registeredAt` datetime NOT NULL,
  `lastLogin` datetime DEFAULT NULL,
  `intro` tinytext COLLATE utf8mb4_unicode_ci DEFAULT NULL,
  `profile` text COLLATE utf8mb4_unicode_ci DEFAULT NULL
) ENGINE=InnoDB DEFAULT CHARSET=utf8mb4 COLLATE=utf8mb4_unicode_ci;

--
-- Dumping data for table `user`
--

INSERT INTO `user` (`id`, `firstName`, `middleName`, `lastName`, `mobile`, `email`, `passwordHash`, `registeredAt`, `lastLogin`, `intro`, `profile`) VALUES
(1, 'Bahroni', NULL, NULL, '085777795989', 'padukaroni@yahoo.com', '12345', '2020-10-19 00:00:00', '2020-10-19 00:00:00', NULL, NULL);

--
-- Indexes for dumped tables
--

--
-- Indexes for table `category`
--
ALTER TABLE `category`
  ADD PRIMARY KEY (`id`);

--
-- Indexes for table `ganti_text`
--
ALTER TABLE `ganti_text`
  ADD PRIMARY KEY (`id`);

--
-- Indexes for table `group_ganti_text`
--
ALTER TABLE `group_ganti_text`
  ADD PRIMARY KEY (`id`);

--
-- Indexes for table `latihan`
--
ALTER TABLE `latihan`
  ADD PRIMARY KEY (`id`);

--
-- Indexes for table `post`
--
ALTER TABLE `post`
  ADD PRIMARY KEY (`id`);

--
-- Indexes for table `post_comment`
--
ALTER TABLE `post_comment`
  ADD PRIMARY KEY (`id`);

--
-- Indexes for table `post_meta`
--
ALTER TABLE `post_meta`
  ADD PRIMARY KEY (`id`);

--
-- Indexes for table `riwayat_latihan`
--
ALTER TABLE `riwayat_latihan`
  ADD PRIMARY KEY (`id`);

--
-- Indexes for table `user`
--
ALTER TABLE `user`
  ADD PRIMARY KEY (`id`),
  ADD UNIQUE KEY `uq_mobile` (`mobile`),
  ADD UNIQUE KEY `uq_email` (`email`);

--
-- AUTO_INCREMENT for dumped tables
--

--
-- AUTO_INCREMENT for table `category`
--
ALTER TABLE `category`
  MODIFY `id` bigint(20) NOT NULL AUTO_INCREMENT, AUTO_INCREMENT=25;

--
-- AUTO_INCREMENT for table `ganti_text`
--
ALTER TABLE `ganti_text`
  MODIFY `id` bigint(20) NOT NULL AUTO_INCREMENT, AUTO_INCREMENT=37;

--
-- AUTO_INCREMENT for table `group_ganti_text`
--
ALTER TABLE `group_ganti_text`
  MODIFY `id` bigint(20) NOT NULL AUTO_INCREMENT, AUTO_INCREMENT=6;

--
-- AUTO_INCREMENT for table `latihan`
--
ALTER TABLE `latihan`
  MODIFY `id` bigint(20) NOT NULL AUTO_INCREMENT, AUTO_INCREMENT=24;

--
-- AUTO_INCREMENT for table `post`
--
ALTER TABLE `post`
  MODIFY `id` bigint(20) NOT NULL AUTO_INCREMENT, AUTO_INCREMENT=48;

--
-- AUTO_INCREMENT for table `post_comment`
--
ALTER TABLE `post_comment`
  MODIFY `id` bigint(20) NOT NULL AUTO_INCREMENT;

--
-- AUTO_INCREMENT for table `post_meta`
--
ALTER TABLE `post_meta`
  MODIFY `id` bigint(20) NOT NULL AUTO_INCREMENT;

--
-- AUTO_INCREMENT for table `riwayat_latihan`
--
ALTER TABLE `riwayat_latihan`
  MODIFY `id` bigint(20) NOT NULL AUTO_INCREMENT, AUTO_INCREMENT=75;

--
-- AUTO_INCREMENT for table `user`
--
ALTER TABLE `user`
  MODIFY `id` bigint(20) NOT NULL AUTO_INCREMENT, AUTO_INCREMENT=2;
COMMIT;

/*!40101 SET CHARACTER_SET_CLIENT=@OLD_CHARACTER_SET_CLIENT */;
/*!40101 SET CHARACTER_SET_RESULTS=@OLD_CHARACTER_SET_RESULTS */;
/*!40101 SET COLLATION_CONNECTION=@OLD_COLLATION_CONNECTION */;
